,Unnamed: 0,Speech,sentimentAnnotation,EngSpeech
0,0,yo habia visto resenas que decian que picaba cuando la usabas,-1.0,I had seen reviews that said it itchy when you used it
1,1,y la verdad es que si la use una vez y t- y te arde asi// donde lo usas te arde el ojo,-1.0,and the truth is that if I use it once and t- and it burns like this // where you use it your eye burns
2,2,y dije no: puede ser posible tanto la deseaba me arde y no la voy a poder usar,-1.0,"and I said no: it could be possible so much I wanted it, it burns me and I won't be able to use it"
3,3,esta tambien tira un poquito de pelo pero hagan de cuenta como que se quebra:ba el pelito y es lo que se caia el pelito y es lo que se caia,-1.0,It also pulls a little hair but pretend that it breaks: the hair fell and the hair fell and it fell
4,4,pero igual con las lavadas se ha dejado de tirar //,1.0,but the same with the washes it has stopped throwing //
5,5,"em: se lavan super facil, se secan rapido se secan rapido //",1.0,"em: they wash super easy, they dry fast they dry fast //"
6,6,y: bueno con las lavadas ya no: raspa tanto ya no raspa tanto,1.0,y: good with the washes no longer: it scratches so much it doesn't scratch as much
7,7,ya esta soportable,1.0,is already bearable
8,8,// pues si: pica un p-,-1.0,// well if: it bites a p-
9,9,"Y lo que me encanto de esta pelicula es que es:te recurso lo utilizan m:uy, bien porque la c- calidad de la imagen se ve muy bien",1.0,"And what I loved about this movie is that it is: your resource is used by m: oops, well because the c-quality of the image looks very good"
10,10,"luego pues cada tenemos esta historia que esta muy: interesante, la verdad es que desde el principio te atrapa y toda la pelicula yo la neta no queria que se acabara la pelicula porque es dia de que tiene super poderes y ahora:, que voy a hacer con ellos ",1.0,"then we each have this story that is very: interesting, the truth is that from the beginning it catches you and the whole movie I really did not want the movie to end because it is day that it has super powers and now: I'm going to do with them"
11,11,"esta su:per interesante, porque ya: la neta todos siempre queremos tener superpoderes y vivimos pensando que algun dia vamos a tener superpoderes.",1.0,"This is interesting: because now: the net, we all always want to have superpowers and we live thinking that someday we will have superpowers."
12,12,"Y: despues de ver la pelicula piensas mas que vas a tener superpoderes,",1.0,"And: after watching the movie you think more that you are going to have super powers,"
13,13,"entonces, como agarro a estos tres personajes que se ven tan: comunes, tan: normales, que tienen una relacion como de amigos muy realista, y darles estos superpo-",1.0,"So, as I grab these three characters who look so: common, so: normal, who have a very realistic relationship as friends, and give them these overlaps."
14,14,"Este resumen no les- no le hace justicia, esta: padri:simo el libro",1.0,"This summary doesn't do them- it doesn't do it justice, this: padri: simo el libro"
15,15,"es uno de los mejores libros que he leido en muchisimo tiempo la verdad,",1.0,"It is one of the best books that I have read in a long time the truth,"
16,16,"y como les habia dicho en mi video anterior. Si a ustedes les gusta Harry Potter, seguramente les van a gustar Cazadores de Sombras.",1.0,"and as I had said in my previous video. If you like Harry Potter, you will surely like Shadowhunters."
17,17,No porque se parezca la historia sino porque: tratan asi tem- temas: magicos cosas mitologicas y cosas asi,1.0,Not because the story is similar but because: they deal with themes like this: magical mythological things and things like that
18,18,lo que mas me gusto de este libro es que ya cuando llegas al final te lo cambian todo y pasa algo que de veras no te esperaba y eso siempre me gusta el que hagan plot twist me encantan porque me traen cosas que yo no me esperaba y que le agregan mucho mas a la historia y te dan ganas de seguir leyendo los libro-,1.0,What I liked most about this book is that when you get to the end they change everything and something happens that I really did not expect and that I always like to do plot twist I love them because they bring me things that I did not expect and that add much more to the story and make you want to continue reading the books-
19,19,pero de verdad lo recomiendo,1.0,but I really recommend it
20,20,porque es que: eh: tiene de todo o sea no es el:,1.0,"because it is that: eh: it has everything, that is, it is not the:"
21,21,no he leido nunca ningun libro de esos zombies,-1.0,I have never read any book of those zombies
22,22,pero de peliculas y tal a mi que tampoco me suelen hacer mucha gracia salvo que Walking Dead,1.0,but from movies and such to me that I am not usually very happy except that Walking Dead
23,23,"que la verdad no me gusta, pero no estamos hablando de eso //",-1.0,"I really don't like it, but we are not talking about that //"
24,24,me ha: gustado mucho porque es: Diario de un zombie es: lo que cuenta el es una perso:na,1.0,I liked it a lot because it is: Diary of a zombie is: what he tells is a person: na
25,25,una persona que: se ha convertido en zombie pero realmente piensa como una persona,1.0,a person who: has become a zombie but really thinks like a person
26,26,y bueno y: tiene muchos momentos de risa de cachondeo,1.0,and well and: it has many moments of joking laughter
27,27,momentos tristes de tension con unas- describe las cosas muy: bien // des-,1.0,sad moments of tension with some- describes things very: well // after-
28,28,mm: y- hara su efecto aunque: no lo notes,1.0,mm: y- will do its effect although: don't notice it
29,29,"pero lo que no me gusta de este: de este producto, es que cuando les das, a ver si lo puedo hacer, // sale muchi:simo, disparado en linea recta.",-1.0,"But what I don't like about this: about this product, is that when you give them, let's see if I can do it, // a lot of it comes out, shot in a straight line."
30,30,"En vez de ser un spray que se difumine y te caiga mas producto en el pelo, te cae solamente en un sitio del pelo muchisima cantidad de producto.",-1.0,"Instead of being a spray that diffuses and more product falls on your hair, only a lot of product falls on your hair."
31,31,Asi que: sera buen producto pero yo no: // eh: no me gusta ,-1.0,So: it will be a good product but I don't: // eh: I don't like it
32,32,Es que es mm: no me lo puedo echar bien por el pelo sin echarme muchisimo producto.,-1.0,It is that it is mm: I can not get it right by the hair without putting a lot of product.
33,33,"asi que, // no lo recomiendo si s-",-1.0,"So, // I don't recommend it if s-"
34,34,// No recomiendo la crema americana.  ,-1.0,// I don't recommend American cream.
35,35,"Todo el mundo dice que huele genial, // que: deja el pelo muy bien.",1.0,"Everyone says it smells great, // that: it leaves the hair very well."
36,36,"Pero este producto eh: deja el pelo seco, es que, eh: por mucho que te eches, // mm: aunque sea un suavizante. ",-1.0,"But this product huh: leaves hair dry, is that, huh: as much as you throw yourself, // mm: even if it is a softener."
37,37,"Pone suavizante con el doble de potencia, pero es que deja el pelo sequi:simo. Es q-",-1.0,"It puts softener with twice the power, but it leaves the hair dry: simo. It's q-"
38,38,"// es un producto que no merece la pena, deja ni siquiera huele bien.",-1.0,"// it is a product that is not worth it, it doesn't even smell good."
39,39,"// La gente dice que huele bien, a mi me huele como a ran:cio // y //",-1.0,"// People say it smells good, it smells like ran: cio // y //"
40,40,"no: // no deja el pelo bien, deja el pelo seco, //",-1.0,"no: // it doesn't leave the hair well, it leaves the hair dry, //"
41,41,y tienes que usar muchisimo producto. ,-1.0,and you have to use a lot of product.
42,42,"Sobre todo y- como gente como yo que tengo el pelo largo, es que es imposible este producto, pero y mira-",1.0,"Especially and- as people like me who have long hair, this product is impossible, but and look-"
43,43,// Pero siento que no me hace nada.,-1.0,// But I feel like it doesn't do anything to me.
44,44,osea me cubre // las rojeces// bien en-,1.0,bone covers me // redness // well in-
45,45,pero me durara diez minutos puesto,-1.0,but it will last me ten minutes
46,46,de verdad que: no me dura nada nada nada en el rostro.,-1.0,really that: nothing lasts nothing nothing nothing on my face.
47,47,Me corrige las rojeces aplicando como cuarenta veces,-1.0,Corrects redness by applying about forty times
48,48,"// eh: la ojera: // mas o meno, //",-1.0,"// eh: the dark circles: // more or less, //"
49,49,como ya dije dura muy poco. //,-1.0,"As I said, it lasts very little. //"
50,50,Como iluminador no siento que sirva tampoco,-1.0,As an illuminator I don't feel it works either
51,51,"asi que, cuando se me acabe no lo volvere a comprar, y de verdad quiero un cua-",-1.0,"So when I run out, I won't buy it again, and I really want a"
52,52,"// Y: porque no me gusta, por los mismos reflejos dorados creo que son en exceso.",-1.0,"// Y: because I don't like it, because of the same golden reflections I think they are in excess."
53,53,"// eh: yo por ejemplo al momento de aplicarlo, tienes que utilizar las manos obviamente, y las manos te quedan: con con una sensacion seca,",-1.0,"// eh: me for example when applying it, you have to use your hands obviously, and your hands are left: with a dry sensation,"
54,54,em: toda brillante en donde es- aunque te laves cuarenta veces aun asi te quedan brillos en las mano.,-1.0,em: all shiny where it is- even if you wash forty times you still have shine on your hands.
55,55,"Entonces super super incomodo, // eh: utilizar esta crema",-1.0,"So super super awkward, // uh: use this cream"
56,56,"-pun dice que es humectante y no siento que me humecta, incluso siento que me seca mas la piel.",-1.0,"-pun says that it is moisturizing and I do not feel that it moisturizes me, I even feel that my skin dries more."
57,57,Otro producto que no l-,-1.0,Another product that does not
58,58,"Otra vez, el segundo genero y segun: y sin lugar a dudas mi favorito, es la novela historica.",1.0,"Again, the second genre and according to: and without a doubt my favorite, is the historical novel."
59,59,"Me gusto mucho la Estirpe de la mariposa, de Magdalena Lasala.",1.0,"I really liked the Estirpe de la mariposa, by Magdalena Lasala."
60,60,"Esta escritora es fascinante y a todos los que: esteis interesados por la novela historica, os la recomiendo.",1.0,"This writer is fascinating and to all who: are interested in the historical novel, I recommend her."
61,61,"// Es que es: sensacional, eh huele a flores de tiare:, mmm lleva espuma blanca:, eh flores de azahar:.",1.0,"// It is: sensational, huh it smells like tiare flowers :, mmm it has white foam :, uh orange blossom :."
62,62,"Es exquisito, a mi este perfume me parece exquisito. Y es el que llevo usando todo el verano.",1.0,"It is exquisite, this perfume seems exquisite to me. And it's the one I've been using all summer."
63,63,"O sea, sin duda es es fresquisimo y: es que es muy rico, es- puf",1.0,"I mean, it is certainly very fresh and: it is very rich, puff"
64,64,es que huele como si estuvieras en el Caribe de verdad que es sensacional.,1.0,is that it smells like you are in the Caribbean it really is sensational.
65,65,Espero que: no lo retiren porque: cuando se me acabe este pienso comprar otro de este tambien voy a repetir,1.0,I hope: do not withdraw it because: when this one runs out I plan to buy another one of this I will also repeat
66,66,de verdad que es genial //,1.0,it really is great //
67,67,"decia, las- las chiquillas pus: cuando se pintan los labios siempre se pintan por fuera.",-1.0,"he said, las- las pus little girls: when they paint their lips they always paint on the outside."
68,68,"// Y con, y con este tono, es que me he pintado hasta yo por fuera.",-1.0,"// And with, and with this tone, I have painted myself on the outside."
69,69,Es que es tan cremoso que: es que te pintas por fuera.,-1.0,It is so creamy that: it is that you paint yourself on the outside.
70,70,"Yo: no se porque hacen estos pintalabios para las chiquillas, porque luego ten- tienen que ir las madres detras de ellas para: para limpiarles la cara.",-1.0,"Me: I don't know why they make these lipsticks for the little girls, because then the mothers have to go behind them to: to clean their faces."
71,71,Y: y nada pues lo mas seguro o que lo tire a la basura o que se lo de a mi sobrina y que,-1.0,And: and nothing because it is safer or that I throw it away or that I give it to my niece and that
72,72,antes se veia a leguas que no: que no era mi tono,-1.0,before it was leagues that no: it was not my tone
73,73,y dos a los m- a los veinte o treinta minutos de habertelo puesto parecia que te habias echado aceite en la cara,-1.0,"and two at m- twenty or thirty minutes after putting it on, it seemed that you had put oil on your face"
74,74,el peor de hecho es el peor producto que he probado de Milani,-1.0,The worst is actually the worst product I've ever tried from Milani
75,75,todo lo que he probado hasta ahorita me ha gustado,1.0,everything I've tried so far I liked
76,76,"unos mas otros menos, pero no tan: no tan // mal me ha ido como con este: con este polvo",-1.0,"some more others less, but not so: not so // bad it has gone with this: with this powder"
77,77,si alguna de ustedes lo ha visto en alguna tienda de verdad no se lo compren porque //,-1.0,"If any of you have seen it in a real store, don't buy it because //"
78,78,no les va a sellar el maquillaje les- no les va a controlar eh: los brillos en su cara,-1.0,they are not going to seal their makeup they are not going to control them huh: the glitter on their face
79,79,"Eh: no te quita ni: ni la mascara normal de pestana, ni la resistente, ni nada. Te escuece muchisimo.",-1.0,"Eh: it doesn't take away neither: nor the normal mascara, nor the resistant one, or anything. It stings you a lot."
80,80,"Pone, limpia y en profundidad, pues no a mi no me desmaquilla, ni en profundidad ni sin profundidad.",-1.0,"It puts, clean and in depth, because not I do not remove makeup, neither in depth nor without depth."
81,81,"Me pica muchisimo, mm:",-1.0,"It itches me a lot, mm:"
82,82,"para que se quite bien te tienes que estar restregando, por lo menos para mi.",-1.0,"to remove it well you have to be scrubbing, at least for me."
83,83,"Y la verdad que es un producto que compre porque, bueno, porque: era economico y era un desmaquillador. Que",1.0,"And the truth is that it is a product that I buy because, well, because: it was cheap and it was a makeup remover. Than"
84,84,"que la verdad es que, mm habia otro que era: es mas chiquitin y era bifasico y ese si me gustaba muchisimo. Pero lo retiraron y bueno, pues me compre este para probarlo",1.0,"The truth is that, mm there was another one who was: he is younger and he was biphasic and I really liked that one. But they removed it and well, then I bought this to try it"
85,85,"y: no me gusto, no me gusto y yo digo que no:, no lo volveria comprar en la vida eterna.",-1.0,"And: I did not like it, I did not like it and I said no: I would not buy it again in eternal life."
86,86,"Que: la verdad es un perfume muy especial, justamente como decia esta chica de la perfumeria. ",1.0,"What: The truth is a very special perfume, just as this perfume girl said."
87,87,"Es un perfume que no uso todos los dias, em // que la verdad en ocasiones muy especiales lo uso. ",1.0,"It is a perfume that I do not use every day, em // that the truth on very special occasions I use it."
88,88,"Depende del estado de animo que tenga. Cuando tengo un estado de animo que digo mm como que: quiero sentirme diferente, me pongo este perfume.",1.0,"It depends on your mood. When I have a mood that I say mm like: I want to feel different, I put on this perfume."
89,89,"Este, porque la verdad eh: no se, no se, te hace sentir, diferente.",1.0,"This one, because the truth is: I don't know, I don't know, it makes you feel different."
90,90,"Te queda como el pelo estropajoso, je te lo lavas, te lo desenreda y te das esta crema y te queda: como si como si no te lo hubieras desenredado. Entonces,",-1.0,"It looks like scrubby hair, you wash it off, untangles it and you give yourself this cream and it looks like: as if you hadn't untangled it. So,"
91,91,"pues no se que efecto hace la verdad, // no se que que efecto quiera hacer.",-1.0,"Well, I don't know what effect the truth makes, // I don't know what effect it wants to make."
92,92,"Y arenoso, como recien salido del mar, no, no desde luego salido del mar esta. Pero, pero sin peinarte, entonces",-1.0,"And sandy, like fresh from the sea, no, of course not from the sea. But, but without combing your hair, then"
93,93,"pues yo pense que esta crema lo que hacia era hidratarme. Al tener ese olor a coco y al- no se, a poner look de playa, pues no se un poquito mas de pena, pero bueno que: el pelo hidratado.",-1.0,"Well, I thought that this cream was hydrating me. Having that coconut smell and I don't know, to put on a beach look, because I don't know a little bit more about it, but good that: hydrated hair."
94,94,"Pero no, a mi me queda el pelo como estropajoso, luego es dificilisimo, no se puede quitar y bueno que no lo volveria a comp-",-1.0,"But no, my hair looks like scrubbing, then it is very difficult, it cannot be removed and well I would not buy it again."
95,95,"Esas no me gustaron porque: venian medio secas. O sea, una no estan bien impregnadas de de de liquido desmaquillante",-1.0,"I did not like those because: they came half dry. That is, one is not well impregnated with makeup remover liquid"
96,96,"y dos, no quitan con facilidad el producto que tengas en los ojos.",-1.0,"and two, they do not easily remove the product that you have in your eyes."
97,97,"Por ejemplo, cuando yo me pongo siempre eh: rimel a prueba de agua, y eso me costaba mu:cho trabajo quitarlo con esas toallitas.",-1.0,"For example, when I always put on eh: waterproof mascara, and that cost me a lot of work to remove it with those wipes."
98,98,De hecho tenia que utilizar una crema adicional.,-1.0,In fact I had to use an additional cream.
99,99,"O sea, embarrarles a la toallita para utilizarlas de y que me funcionaran: para q- que quitarme todo el maquillaje comple-",-1.0,"In other words, smear them on the washcloth to use them and they will work for me: so that I can take off all my makeup."
100,100,"Y la verdad es un perfume muy cautivamente, tiene mucho o- olor a flor. //",1.0,"And the truth is a perfume very captivating, it has a lot of o- flower smell. //"
101,101,"Tiene... // mucho olor a jazmin, mucho olor a jazmin tiene, y la verdad es un perfume floral fuer:te. //",1.0,"It has ... // a lot of jasmine smell, it has a lot of jasmine smell, and the truth is a strong floral perfume. //"
102,102,"Tal vez los otros que mostre, que: el Bvlgari por ejemplo es un: floral, pero es mas tranquilo,",1.0,"Perhaps the others that I show, that: the Bvlgari for example is a: floral, but it is calmer,"
103,103,Pero este la verdad es un floral que se hace notar.,1.0,But this the truth is a floral that is noticed.
104,104,"Que tal vez // no parece tan floral, parece // como un poco mas fuerte, //",1.0,"That maybe // doesn't seem so floral, it seems // like a little stronger, //"
105,105,"Pues si: traes este una mascara este a prueba de agua. Eh: no, Olvidalo no- no la vas a poder sacar.",-1.0,"Well yes: you bring this a mask is waterproof. Eh: no, forget it no- you won't be able to get it out."
106,106,"Primero te irritas el ojos, te sacas mil arrugas",-1.0,"First you irritate your eyes, you remove a thousand wrinkles"
107,107,"Este, lloras, este: no bueno te resecas: no",-1.0,"This, you cry, this: no good, you dry up: no"
108,108," Lo que tu te quieres imaginar que pase con tus ojos, lo peor, esto te lo logra. ",-1.0,"What you want to imagine happening with your eyes, the worst, this you achieve."
109,109,"Aja es lo peor que puede haber, // es malisimo o sea no no no,",-1.0,"Aja is the worst thing there can be, // it is very bad, that is, no no no,"
110,110,"Entra en el ojo, te irrita se te ponen rojos se te hinchan.",-1.0,"It enters the eye, it irritates you, it turns red, it swells you."
111,111,"Eh: la puntuacion que le doy: a la pelicula, // y para ser del genero que es. Que: no me llama // mucho la atencion. ",-1.0,"Eh: the punctuation that I give: to the movie, // and to be of the genre that it is. What: does not call me // much attention."
112,112,"Desde el punto de vista que eso es un drama, // y no: soy muy de dramas. ",-1.0,"From the point of view that this is a drama, // and no: I am very into dramas."
113,113,"// Eh: a la pelicula la doy un // un siete y medio y: la recomiendo bastante, le pongo una manita para arriba. //",1.0,"// Eh: I give the movie a // a seven and a half and: I highly recommend it, I put a little hand up. //"
114,114,Podeis verla y: y a mi no me gusto mucho // y a lo mejor a ustedes tambien les gusta.,1.0,You can see it and: and I didn't like it very much // and maybe you also like it.
115,115,"Me gusto la historia que me contaron, me gusto los terminos en los que esta contada.",1.0,"I liked the story they told me, I liked the terms in which it is told."
116,116,"Creo yo que hace bastante sentido, tiene logica, tiene coherencia",1.0,"I think it makes a lot of sense, it has logic, it has coherence"
117,117,"y en, insisto en esto que habia dicho al principio.",1.0,"And in, I insist on what I had said at the beginning."
118,118,"Creo que si se establece un puente en:tre este ini:cio, entre este origen del planeta de los simios. Como fue que los simios tomaron control del planeta tierra y esas peliculas que vimos hace treinta o cuarenta anos ¿no?.",1.0,"I think that if a bridge is established between this beginning, between this origin of the planet of the apes. How did apes take control of planet earth and those movies we saw thirty or forty years ago, right?"
119,119,"// Y bueno no quiero contar demasiado de lo que ocurre en esta pelicula, pero si me parece que es que es bastante recomendable. Porque es-",1.0,"// And well I don't want to tell too much about what happens in this movie, but it seems to me that it is highly recommended. Because it is-"
120,120,"Como justamente esto, explotacion de franquicias",-1.0,"Like just this, franchise exploitation"
121,121,"y visualmente, ya n- a pesar de que estan muy bien hechas ya no hay como // demasiados elementos que nos puedan sorprender.",-1.0,"and visually, since n- although they are very well made there are no longer // too many elements that can surprise us."
122,122,"Eso es lo que creo que habria que criticarle a Dreamworks,",-1.0,"That's what I think Dreamworks should be criticized for,"
123,123,creo que se estan conformando con: entrenter al publico,-1.0,I think they are settling for: entertain the public
124,124,"y con que sus peliculas sean un exito en taquilla y por lo tanto, con seguir abultando sus cuentas de banco.",-1.0,"and that his films are a success at the box office and therefore, continue to bulge his bank accounts."
125,125,"Pero creo que en busqueda de, de creo que en en cuanto a terminos de busqueda, eh: pues si se estan quedando muy cortos y me sigo quedando con las peliculas de la competencia cu-",-1.0,"But I think that in search of, I think that in terms of search, eh: well, if they are falling too short and I continue to stay with the films of the competition,"
126,126,Esa comedia que si esta: puesta deliberadamente en esta pelicula funciona funciona bastante bien,1.0,That comedy that if it is: deliberately put into this movie works works quite well
127,127,Y esta historia que no tiene nada que ver con el cuento original tambien funciona en terminos generales bastante bien,1.0,And this story that has nothing to do with the original story also works in general terms quite well
128,128,todo esto para decir que bueno no esta mal esta pelicula del gato con botas,1.0,all this to say that well it's not bad this movie of the cat in boots
129,129,es sorprendente porque para ser la quinta pelicula de una franquicia para ser un derivado -asi podriamos traducir la palabra spin-off - .,1.0,It is surprising because to be the fifth movie in a franchise to be a derivative -so we could translate the word spin-off -.
130,130,pues resulta que es- es una pelicula bastante mas: visible y bastante mas efectiva por lo menos que en Shrek tres y en Shrek cuatro,1.0,It turns out that it is- it is a much more movie: visible and much more effective at least than in Shrek three and Shrek four
131,131,"ok al- yo no se quien cambia los nombres a las peliculas, de verdad yo quisiera saber, para agarrarlo del cuello.",-1.0,"ok al- I don't know who changes the names to the movies, I really would like to know, to grab him by the neck."
132,132,"Porque a veces comenten unos errores o le cam:bian tan:to los nombres, que de verdad son nada que ver.",-1.0,"Because sometimes they make some mistakes or change them so: all the names, which really are nothing to do."
133,133,"Pero bueno en este caso no es tanto eso nada que ver el nombre, poder sin limites. ",1.0,"But hey in this case it is not so much that nothing to see the name, power without limits."
134,134,"Pero lo que sucede, de que ¿por que no le pusieron cronica?, que seria la traduccion correcta de Chronical, ¿verdad?",-1.0,"But what happens, that why they did not put a chronicle ?, That would be the correct translation of Chronical, right?"
135,135,"¿por que no? ,¿por que nos creen tan burros a los latinos que no vamos a entender con ese titulo de que se trata?,",-1.0,why not? Why do Latinos believe us so stupid that we will not understand with that title?
136,136,"nos ponen ese: titulo grande, de poder sin limites, y con eso ya nos dijeron que se trata de una pelicula de heroes y de poderes, o sea vamos al-",-1.0,"They give us that: big title, of unlimited power, and with that they already told us that it is a movie of heroes and powers, that is, we are going to-"
137,137,"La pelicula me gusto mu:cho, es bastan:te entretenida, es bastante bacana, superpoderosa y muy diferente.",1.0,"I liked the movie very much, it is enough: entertaining you, it is pretty cool, super powerful and very different."
138,138,"Yo creo que esta pelicula merece una secuela, debido al exito que ha tenido en Estados Unidos. Incluso en su semana de estreno ha superado a peliculas favoritas, como la Dama de Negro y todas estas.",1.0,"I think this movie deserves a sequel, due to the success it has had in the United States. Even in its opening week, it has surpassed favorite movies, such as the Lady in Black and all of these."
139,139,"Yo creo que esta pelicula puede tener una secuela, la verdad es que se merece tener un- una secuela,",1.0,"I think this movie can have a sequel, the truth is that it deserves to have a- a sequel,"
140,140,ya que creo que en esta primera pelicula no desarrollaron tanto la idea.,-1.0,since I think that in this first movie they didn't develop the idea as much.
141,141,"Es una idea creativa, es una idea buena,",1.0,"It’s a creative idea, it’s a good idea,"
142,142,"y yo creo que pudieron hacer mucho mas, pero mu:cho mas.",-1.0,"and I think they could do much more, but much more."
143,143,"// Decian que que te c- calmaba rojeces, que incluso las venitas esas rotas al contacto te las eliminaba. //",-1.0,"// They said that it c- calmed redness, that even those veins that were broken on contact eliminated them. //"
144,144,"Maravillas, como que esto era la solucion a todo enrojecimiento del mundo. //",1.0,"Wonders, like this was the solution to all redness in the world. //"
145,145,"!pues no! o sea, es un polvo amarillo. No es mas que un polvo amarillo y ya. //",-1.0,"!Well, no! that is, it is a yellow powder. It's just a yellow powder and that's it. //"
146,146,"No hace nada extraordinario, no calma, no: nada o sea es // totalmente equis ",-1.0,"It does nothing extraordinary, it does not calm, no: nothing, that is, it is totally equis"
147,147,o sea digo no lo voy a tirar a la basura porque pues finalmente es un polvo amarillo que me  ayuda un poquito ah: neutralizar// el rojo,1.0,I mean I am not going to throw it away because it is finally a yellow powder that helps me a little bit ah: neutralize // the red one
148,148,Pero no cumple con esas promesas que venian,-1.0,But it does not fulfill those promises that came
149,149,¿por que no me gusta? Porque huele como a coco y no se quita el olor.,-1.0,because I do not like? Because it smells like coconut and the smell is not removed.
150,150,"Esta tiene un olor muy muy fuerte, muy persistente, entonces a mi me desespera. mm ¡augh! me harta, me harta, me harta,",-1.0,"This has a very very strong, very persistent smell, so it makes me desperate. mm augh! I'm fed up, fed up, fed up,"
151,151,"y bueno me decia el chavo de de ahi de de Natural Adiction. Bueno no el de Natural Adiction, // alguien mas de ahi de la tienda, me comentaba que, que mucha gente lo que le gusta es eso el olor.",1.0,"and well the guy from there told me about Natural Adiction. Well not the one from Natural Adiction, // someone else from the store, he told me that, what many people like is the smell."
152,152,"Pero a mi en particular, no se si soy muy sangrona, pero lo que odio es el olor.",-1.0,"But to me in particular, I don't know if I'm very bloody, but what I hate is the smell."
153,153,"Que en teoria, si hicieran esta crema sin olor, asi si la compraria, pero con el olor.",1.0,"What in theory, if they made this cream without smell, so if I would buy it, but with the smell."
154,154,// No pinta. //,-1.0,// Does not paint. //
155,155,Entonces tienes que hacer demasiada presion para que te pinte y siendo la parte interna del ojo lastima mucho.,-1.0,So you have to put too much pressure to paint and the inner part of the eye hurts a lot.
156,156,"Si esta padre, que es como de: de alta duracion o sea del-",1.0,"If this parent, which is like: high-durability or that is-"
157,157,no lo puedes difuminar // para nada. //,-1.0,you can't blur it // at all. //
158,158,"Entonces es un producto que realmente no se que voy a hacer con el porque pus para dentro del ojo, me duele cuando lo uso, y para arriba no se difumina.",-1.0,"So it's a product that I really don't know what I'm going to do with it because the pus goes into the eye, it hurts when I use it, and it doesn't fade up."
159,159,"Entonces, // este no lo voy a comprar ya full-size, jamas.",-1.0,"So, // I'm not going to buy this full-size anymore, ever."
160,160,"Y no se que voy a hacer con el, bueno creo que no lo voy a usar jamas.",-1.0,"And I don't know what I'm going to do with it, well I don't think I'll ever use it."
161,161,"¿Lo usare como crayola para pintar en papel? o no se...,",-1.0,"Will I use it as a crayon to paint on paper? or I do not know...,"
162,162,pero francamente este de Dart // nou no no no nou.,-1.0,but frankly this one from Dart // nou no no no nou.
163,163,"Las cosas que no me gustaron es que siento que la autora, como les digo, de repente da muchas vueltas que: no dan a nada. ",-1.0,"The things that I did not like is that I feel that the author, as I tell you, suddenly goes around many times that: they do not lead to anything."
164,164,"O sea, como que de repente pasan muchos capitulos en los que no esta pasando nada",-1.0,"I mean, all of a sudden many chapters go by in which nothing is happening"
165,165,y la situacion que estan viviendo ellas no es tampoco tan entretenida.,-1.0,and the situation they are experiencing is not so entertaining either.
166,166,"Y eso me molesta me m- siento que los libros se pudieron haber ido mas rapido si hubieramos quitado el relleno, que tampoco era como que muy: interesante.",-1.0,"And that bothers me I m- I feel that the books could have gone faster if we had removed the padding, which was not that very interesting either."
167,167,"Otra cosa que no me gusta es que de repente, // va la narracion // y luego, como que se empiezan a meter otras cosas por ejemplo no se // y la pared: era azul",-1.0,"Another thing I don't like is that suddenly, // the narration goes // and then, like other things start to get in, for example I don't know // and the wall: it was blue"
168,168,"Me gusto de esta crema mm que, bueno, aparte de la textura que ahora os mostrare,",1.0,"I liked this cream mm that, well, apart from the texture that I will show you now,"
169,169,"eh:, tiene: tiene componentes antioxidantes y tiene tambien acido hialuronico.",1.0,"eh :, it has: it has antioxidant components and it also has hyaluronic acid."
170,170,"Y: eso la verdad que ya para el: el cuidado de las pieles un: poco maduras, pues la verdad es que siempre viene bien.",1.0,"And: that is the truth that already for him: the care of the skins a: little mature, because the truth is that it always comes in handy."
171,171,"Y ya lo que me cautivo es que se puede utilizar o yo de hecho la utilizo, eh, como una crema con",1.0,"And what captivates me is that it can be used or I actually use it, uh, as a cream with"
172,172,Este libro sinceramente no lo podia soltar.,1.0,I honestly couldn't drop this book.
173,173,"Va continua la historia o sea, cuando yo lo estaba leyendo se lo describia a las demas personas como si estuvieras poniendo agua, que no deja de fluir. Este,",1.0,"The story goes on, that is, when I was reading it, I described it to other people as if you were putting water, which does not stop flowing. East,"
174,174,"y eso es muy bueno en un libro, porque no llegas a un punto en donde quieres ok // ya",1.0,"and that's very good in a book, because you don't get to a point where you want ok // ya"
175,175,"¡no! Todo el tiempo esta pasando cosas, todo el tiempo te mantiene intrigado y te mantiene interesado.",1.0,"not! All the time things are happening, all the time it keeps you intrigued and keeps you interested."
176,176,"La historia de amor es muy buena, porque la verdad",1.0,"The love story is very good, because the truth"
177,177,"Es, este complicada, es interesante de leer y quieres seguir sabiendo mas sobre que va a pasar con ellos y cosas asi.",1.0,"It is, this complicated, it is interesting to read and you want to continue knowing more about what will happen to them and things like that."
178,178,"Me di cuenta al cabo de muchos anos que este era mi libro favorito porque,",1.0,"I realized after many years that this was my favorite book because,"
179,179,siempre recurro a el cuando me apetece leer algo que se que me va a gustar.,1.0,I always turn to him when I feel like reading something that I know I will like.
180,180,"Siempre recurro a el cuando me apetece:, pues no se //",1.0,"I always turn to him when I feel like it, well, I don't know //"
181,181,siempre recurro a el y ya esta.,1.0,I always turn to him and that's it.
182,182,"Me: me di cuenta de que siempre era el libro que buscaba, siempre era el libro que, que tenia en la mente",1.0,"Me: I realized that it was always the book I was looking for, it was always the book that I had in mind"
183,183,"Siempre era el libro del que hablaba de los personajes, siempre comparo los personajes con otros",1.0,"It was always the book I was talking about the characters, I always compare the characters with others"
184,184,siempre estoy ahi metida en el mundo de este libro. ,1.0,I'm always in there in the world of this book.
185,185,"Asi que eh decidi, que este era mi libro favorito y en realidad creo que no me he equivocado. Eh, dandome cuenta de",1.0,"So, uh, I decided that this was my favorite book and I really don't think I was wrong. Hey, realizing"
186,186,"Mis libros favoritos, es mi trilogia favorita y es mi trilogia favorita de fantasia.",1.0,"My favorite books, it's my favorite trilogy and it's my favorite fantasy trilogy."
187,187,Creo que todo el mundo deberia leerlo.,1.0,I think everyone should read it.
188,188,"Creo que la inmensa mayoria de la gente que lo ha leido, le ha encantando. ",1.0,"I think the vast majority of people who have read it, have loved it."
189,189,Yo no conozco a nadie que lo haya leido y me haya dicho que es un- que es una mierda.,1.0,I don't know anyone who has read it and told me it's a- it's shit.
190,190,"Asi de simple, no conozco a nadie. ",1.0,"It's that simple, I don't know anyone."
191,191,"De hecho, la mayor parte de la gente que conozco hablara siempre: maravillas de de esto, vale. ",-1.0,"In fact, most of the people I know will always speak: wonders of this, okay."
192,192,Pero que sepais que: voy a iniciar iniciar una especie como de de seccion de videos de mis libros favoritos de fantasia.,1.0,But let you know that: I am going to start starting a kind of video section of my favorite fantasy books.
193,193,Y esta muy entretenido porque te cuentan asi muchas cosillas. //,1.0,And it is very entertaining because they tell you so many things. //
194,194,"Y la gracia de este libro es que mete, em, // situaciones historias, como lo del gato de Strodinger, que ocurrio, de verdad.",1.0,"And the fun of this book is that it gets, um, // situations, stories, like Strodinger's cat, which really happened."
195,195,"La mete aqui y te las explica de una forma muy, muy simple, para que tu la puedas entender y puedas sentirte como un nino, aprendiendo.",1.0,"You put it here and it explains them to you in a very, very simple way, so that you can understand it and feel like a child, learning."
196,196,"Es un libro / muy agradable, // muy novedoso, / muy imaginativo. //",1.0,"It is a very nice book, // very novel, / very imaginative. //"
197,197,"Y, ya os digo, es el libro de fisica, / eh, que mejor vais a entender en toda vuesta vida;",1.0,"And, I already tell you, it is the physics book, / eh, that you will understand best in all your life;"
198,198,"porque luego: estan los totos que son asi, / que de esos no vais a entender ni la primera frase.",-1.0,"because then: there are the totos that are like this, / of which you will not understand even the first sentence."
199,199,"Y sin embargo, aqui te lo explican, lo mismo que sale en esos libros tan grandes, te lo explican aqui todo, // pero para que lo entiendas.",1.0,"And yet, here they explain it to you, the same thing that appears in those great books, they explain everything to you here, // but so that you understand it."
200,200,"Un libro que yo creo que todo el mundo, tanto a los que les gusta: el tema de la fisica, como a los que no, // deberia de leer y de dejarse llevar por ese mundo cuantico tan especial, que esta al otro lado.",1.0,"A book that I think everyone, both those who like: the subject of physics, and those who do not, // should read and be carried away by that very special quantum world, which is on the other side ."
201,201,No sirve para nada. Para empezar esta espeso.,-1.0,It is useless. To start this thick.
202,202,"Bueno, que eso igual y y te dificulta un poco / la difuminada de las / de las sombras.",-1.0,"Well, that is the same and it makes it a little difficult for you / the blurring of the / of the shadows."
203,203,Pero esta super naranja. ,-1.0,But it's super orange.
204,204,"Supuestamente, te lo puedes poner solo asi.   Y nada mas con eso se maquilla tu parpado, segun lo que dice el empaque. ",-1.0,"Supposedly, you can wear it just like this. And nothing else with that your makeup is made up, according to what the packaging says."
205,205,"Pero es nefasto, y aparte no te dura nada o sea se te hace pliegue enseguida.",-1.0,"But it is disastrous, and apart from that nothing lasts for you, that is, it folds you right away."
206,206,"Yo creo que ni, ni cinco horas te dura cuando ya empieza a este / a fallarte.",-1.0,"I think that neither, nor five hours lasts for you when it starts to fail you."
207,207,"De hecho, si si se dan cuenta ni he usado nada.",-1.0,"In fact, if they realize or have not used anything."
208,208,No tengo nada utilizado este producto. ,-1.0,I have nothing used this product.
209,209,"Y ahorita que lo estoy viendo / que me lo puse aqui, hasta huele mal.",-1.0,"And right now I'm seeing it / I put it on here, it even smells bad."
210,210,"Son, es super poquito producto y cuesta la horrible cantidad de ¡doscientos pe:sos!, esto. ",-1.0,"They are, it is super little product and it costs the horrible amount of two hundred pe: sos !, this."
211,211,Y luego para que ¡ni me sirva!. ,-1.0,And then so that it won't even serve me!
212,212,Le tenia mucha fe en serio. ,1.0,I had a lot of faith in him seriously.
213,213,Entonces ¿Por que compre dos? Porque tengo dos.... //,-1.0,So why buy two? Because I have two .... //
214,214,"Ya ni modo, ya los abri. Pues total, ni me van a servir. //",-1.0,"No way, I already opened them. Well, they are not going to serve me. //"
215,215,"Viene por tonos. ¿ok? entonces, compre estos dos tonos para ver / cual me gustaba mas.",1.0,"It comes in shades. okay? So, buy these two shades to see / which one I liked best."
216,216,"Bien mal, porque para empezar es negro.",-1.0,"Too bad, because it's black to begin with."
217,217,Como te vas a poner esto en cejas y como te vas a poner esto en en labios.,-1.0,How are you going to put this on your eyebrows and how are you going to put this on your lips.
218,218,"O sea, las etiquetas super genericas ¿no? Para todos.",-1.0,"I mean, the super generic labels, right? For all."
219,219,Y es una cosa horri:ble. ,-1.0,And it's a horrible thing.
220,220,¿ok? y tenia mucha tentacion de probar uno asi.,1.0,okay? and I was very tempted to try one like that.
221,221,"Pero como dicen, lo barato sale caro.",-1.0,"But as they say, cheap is expensive."
222,222,"No hace tanta espuma, que es el primer mal punto.",-1.0,"It doesn't foam as much, which is the first bad point."
223,223,"El segundo es que te deja el cabello como zacatudo, asi como muy seco.",-1.0,"The second is that it leaves your hair as dusky, as well as very dry."
224,224,"Y el tercero, es que el olor se: se va // en cuestion de minutos.",-1.0,And the third is that the smell is: it goes away // in a matter of minutes.
225,225,"O sea, nada mas esperas a que se seca el cabello, y ya no te huele a nada.",-1.0,"I mean, you just wait for your hair to dry, and it no longer smells like anything."
226,226,"Por lo regular, este, tu buscas en un shampoo que huela muy rico y que tu cabello este limpio, que este suave, sedoso.",1.0,"Usually, this, you are looking for a shampoo that smells very rich and that your hair is clean, that is soft, silky."
227,227,Este se supone que es un tratamiento de queratina y no tiene absolutamente nada de eso.,-1.0,This is supposed to be a keratin treatment and has absolutely none of it.
228,228,Pinta hermosisimo. //,1.0,It looks beautiful. //
229,229,"Sinceramente, con respecto a lo que pinta y a que son hidratantes, si son muy hidratantes",1.0,"Honestly, regarding what it paints and what they are moisturizing, if they are very hydrating"
230,230,"pero el problema de estos labiales / es que cuand o uno se los aplica, te dejan un gusto asqueroso / en la boca. ",-1.0,"But the problem with these lipsticks / is that when you apply them, they leave a disgusting taste / in your mouth."
231,231,"Sinceramente, es no es que sea el olor sino que es mas bien el gusto. Es como un gusto // co-",-1.0,"Honestly, it is not that it is the smell but rather it is the taste. It's like a taste // co-"
232,232,"// Pero es que sabes, lo que pasa es que no dura nada el olor.",-1.0,"// But you know, the thing is that the smell doesn't last at all."
233,233,Es que se va / en dos horas.,-1.0,It is gone / in two hours.
234,234,"Y si te echas mucho, al principio es muy // cargada, muy y si te echas poco no dura ni una hora. ",-1.0,"And if you lie down a lot, at first it is very // charged, very and if you lay down little it doesn't last even an hour."
235,235,"Es que, fatal, fatal, fatal.",-1.0,"It is that, fatal, fatal, fatal."
236,236,Asi que no me la compro mas. ,-1.0,So I don't buy it anymore.
237,237,"Y voy a seguir con mi colonia querida, que es la que: mas me ha gustado de todas las que he probado.",1.0,"And I will continue with my beloved cologne, which is the one: I liked the most of all the ones I have tried."
238,238,"Es bastante cara, pero // vale la pena.",1.0,"It's pretty expensive, but // it's worth it."
239,239,Y eso si que dura el olor un dia y mas. ¿Vale? //,1.0,And that if the smell lasts a day and more. Voucher? //
240,240,"Eh, yo estoy no lo voy a volver a comprar, porque mm huele demasiado a albaricoque,",-1.0,"Hey, I'm not going to buy it again, because mm smells too much of apricot,"
241,241,y no me gusta nada nada el olor que tiene. No lo soporto.,-1.0,and I don't like the smell of it at all. I can not stand.
242,242,"Lo he estado utilizando, porque: me daba pena tirarlo asi // mm, o sea, tirarlo no / dejarlo sin usar, eso. //",-1.0,"I've been using it, because: I was sorry to throw it like this // mm, that is, throw it away / leave it unused, that. //"
243,243,"Porque es una pena, tratarse el dinero para despues no utilizarlo. ",-1.0,"Because it is a shame, treating the money and then not using it."
244,244,Entonces me lo he estado utilizando por eso. Hasta: acabarlo.,-1.0,So I've been using it for that. Until: finish it.
245,245,"Eh, deciros que si, que exfolia super bien, que las particulas que tiene para exfoliar / son grandecitas y",1.0,"Eh, to tell you that yes, it exfoliates very well, that the particles it has to exfoliate / are large and"
246,246,"Vale, yo no lo utilizo para que se me quede el pelo liso, y a mi, la verdad es que me funciona super bien.",1.0,"Ok, I do not use it to keep my hair straight, and to me, the truth is that it works super well."
247,247,"No se porque, pero hay varias personas que me han dicho que // que porque utilizo TRESemme, que se me ex- si se me extropea el pelo, tal.",-1.0,"I don't know why, but there are several people who have told me that // that because I use TRESemme, that it will ex- if my hair breaks, such."
248,248,A mi no me ha pasado nada de eso. A mi me va super bien con la / con los productos de TRESemme.,1.0,Nothing of the sort has happened to me. It works really well for me with the TRESemme products.
249,249,"Yo, mm. Este es mi shampoo. Me encanta. Y nada.",1.0,"I, mm. This is my shampoo. I love. And nothing."
250,250,Hmm me me va super bien Hmm,1.0,"Hmm, I'm doing really well. Hmm."
251,251,"Me deja el pelo mas, o sea, no es - yo no es que tenga el pelo rizado, pero me deja el pelo mas liso cuando salgo de la ducha. Y su-",1.0,"It leaves my hair longer, that is, it is not - I don't have curly hair, but it leaves my hair straighter when I get out of the shower. And his-"
252,252,"Y, es cierto, porque / me gusto muchisimo. ",1.0,"And, it's true, because / I really liked it."
253,253,"La verdad, es que / es verdad que el final / se parece a otra cierta distopia.",-1.0,The truth is that / it is true that the end / resembles another certain dystopia.
254,254,"Pero igualmente, a mi me encanto de principio a fin. Y si no, os lo corroboran todos estos papelitos. //",1.0,"But equally, I loved it from start to finish. And if not, all these little papers corroborate it. //"
255,255,"Y nada, / que / muy recomendable tambien.",1.0,"And nothing, / which / highly recommended too."
256,256,"Que la verdad, es que me gusta mas, aunque se parece a la de Juramento de Kimberly Derting.",1.0,"That the truth is that I like it better, although it resembles that of Kimberly Derting's Oath."
257,257,"Es primero de una trilogia; llevo la mitad, o sea que puedes imaginar que todavia me estoy enterando.",1.0,"It is the first of a trilogy; I've been half, so you can imagine that I'm still finding out."
258,258,Decir que engancha muchisimo. ,1.0,Say that it hooks a lot.
259,259,"Que es un libro que cuando lo empiezas a leer te va dando / la autora da la informacion poquito a poco, de forma que tu quieras leer mas y mas y mas y enterarte que pasa con esto y con lo otro. //",1.0,"That it is a book that when you start reading it is giving you / the author gives the information little by little, so that you want to read more and more and more and find out what happens with this and the other. //"
260,260,"Pero esta muy bien este libro, hasta donde yo llevo leido.",1.0,"But this book is very good, as far as I have read it."
261,261,Y es una saga que ademas ha tenido bastante / repercursion en la blogosfera. Haz de,1.0,And it is a saga that has also had enough / repercussion in the blogosphere. beam of
262,262,"Y bueno, si Rubi me gusto, Zafiro me gusto mas, y Esmeralda me esta encantando. ",1.0,"And well, if I liked Rubi, I liked Sapphire more, and Esmeralda is enchanting me."
263,263,O sea es: todo lo que yo esperaba. Y en algunas cosas ha superado mis expectativas.,1.0,"In other words, everything I expected. And in some things it has exceeded my expectations."
264,264,"Ewen sigue igual que siempre. Simerius, te sigues riendo con el. //",1.0,"Ewen remains the same as always. Simerius, you keep laughing with him. //"
265,265,"De principio a fin, me ha encantado igualmente.",1.0,"From beginning to end, I loved it equally."
266,266,"Por eso le pongo el cinco, porque es que / he sentido una serie de emociones / y de y de sentimientos he vivido en pri:mera persona el libro.",1.0,"That is why I put the five, because it is that / I have felt a series of emotions / and of and feelings I have lived in the first place: mere person the book."
267,267,"Pero: se que es verdad que hmm: // que no me esperaba ese final, o me esperaba otra cosa, o me esperaba mas.",-1.0,"But: I know it is true that hmm: // that I did not expect that ending, or I expected something else, or I expected more."
268,268,"Pero es que hay que tener en cuenta que van mas libros detras. No se, no nos puede contar todo en este.",1.0,"But it is necessary to take into account that there are more books behind. I don't know, you can't tell us everything in this one."
269,269,"Una de las cosas, que a mi, la primera temporada / es que decia, pero como puede ser / que esten, eh, una alguien, amenazandolas. ",-1.0,"One of the things, that to me, the first season / is that it said, but how can it be / that they are, uh, someone, threatening them."
270,270,"Que les atropelle con, que la atropelle con un coche, que se te metan en tu cuarto, en tu casa / a grabarte / y tu y tu no le des una minima importancia ¿como pueden estar ellas tan / sumamente tranquilas? sabiendo que es que hay alguien que les espia, que es que les va a joder la vida.",-1.0,"That they run over them with, that they run over her with a car, that they put you in your room, in your house / to record yourself / and you and you do not give it a minimum importance, how can they be so / extremely calm? knowing that someone is spying on them, that they are going to screw up their lives."
271,271,"¿como pueden estar ellas tan / sumamente tranquilas? sabiendo que es que hay alguien que les espia, que es que les va a joder la vida.",-1.0,"How can they be so / extremely calm? knowing that someone is spying on them, that they are going to screw up their lives."
272,272,Y estan tan sumamente tranquilas. Yo estaria paranoica.,-1.0,And they are so extremely calm. I would be paranoid.
273,273,"O sea, a mi, que se me meta alguien en mi cuarto. Y bueno, lo primero que hago es decir mama, ha entrado alguien en mi habitacion",-1.0,"That is, to me, that someone gets into my room. And well, the first thing I do is say mom, someone has entered my room"
274,274,horrible que me encanto.,1.0,horrible i loved it
275,275,"Que me quede / mm in- es que me quede con la boca abierta cuando lo acabe. Eh, y que devore. ",1.0,"That I stay / mm- is that I keep my mouth open when I finish it. Hey, and devour."
276,276,A mi los zombies me encantan.,1.0,I love zombies.
277,277,"Me encantan las historias de zombies, las peliculas, las series, los libros y todo.",1.0,"I love zombie stories, movies, series, books, and everything."
278,278,Me encantan los zombies. //,1.0,I love zombies. //
279,279,"E- en la que la humanidad ha ganado, pero siguen habiendo zombies por unas partes, y y es un tan real, o sea //",1.0,"E- in which humanity has won, but there are still zombies in some parts, and it is so real, that is //"
280,280,"Mm Y luego: pasan unas cosas raras de que, al- resultan que pueden hablar por / telepaticamente",-1.0,"Mm And then: weird things happen that, as it turns out, they can talk on / telepathically"
281,281,!the fuck!,-1.0,! the fuck!
282,282,"y um // y: luego, hay ca- hay ca- cada vez me salen mas preguntas y mas preguntas.  Y yo, ¿que carajos esta pasando aqui?",-1.0,"and um // y: then there is ca- there is ca- every time I get more questions and more questions. And I, what the hell is going on here?"
283,283,"hmm, pero si, fue divertido y hay momentos en que son muy rapidos.",1.0,"hmm, but yeah, it was fun and there are times when they are very fast."
284,284,Hay momentos en que son muy pinches lentos y tediosos. hmm,-1.0,There are times when they are very fucking slow and tedious. hmm
285,285,"Tenia ganas de agarrar a cachetadas a la mitad de los protagonistas, porque son desesperantes.",-1.0,"I wanted to slap half of the protagonists, because they are desperate."
286,286,"Pero soy yo, sigo diciendo / enojon / y desespero facilmente.",-1.0,"But it's me, I keep saying / anger / and I despair easily."
287,287,"Y a mi me ha encantado leerlo, porque he aprendido muchisimo.",1.0,"And I have loved reading it, because I have learned a lot."
288,288,"Y bueno es una vision que a mi me ha gustado muchisimo de, de este tiempo. Y he aprendido mucho.",1.0,"And well it is a vision that I have liked a lot of, from this time. And I have learned a lot."
289,289,"Asi que, aparte de que esta muy bien narrado, a mi me encanta.",1.0,"So, apart from that it is very well narrated, I love it."
290,290,Asi que os lo recomiendo. // Y,1.0,So I recommend it. // AND
291,291,"Eh, este libro es un clasico.",1.0,"Hey, this book is a classic."
292,292,"Jane Austen es mi autora britanica favorita, con diferencia.",1.0,Jane Austen is my favorite British author by far.
293,293,"Y seguro que los conoceis todos, pues porque es la autora de Sentido y sensibilidad, eh, Emma, Persuacion, Mansfield park, eh, Northanger abbey. Y, aunque yo creo que Orgullo y prejuicio es su historia mas conocida. Em:",1.0,"And surely you all know them, because because she is the author of Sense and Sensitivity, uh, Emma, ​​Persuacion, Mansfield park, uh, Northanger abbey. And, although I think Pride and Prejudice is his best known story. Em:"
294,294,"Bueno, esta crema es que me encanta, //",1.0,"Well, this cream is that I love, //"
295,295,"porque: una, // eh: seca super rapido,",1.0,"because: one, // eh: dries super fast,"
296,296,"dos / eh:, bueno si te echas mucha mm deja sensacion // no lo lo vais a notar en el video, pero deja sensacion poco pegajosilla, pero al al minuto se va.",1.0,"two / uh :, well if you throw a lot of mm it leaves feeling // you are not going to notice it in the video, but it leaves a little sticky feeling, but at the minute it goes away."
297,297,"// Despues, esta crema me gusta em: / para echar al llegar de la playa, porque te deja: la piel super fresquita: ando claro, llegas de la playa, te peguas una duchita",1.0,"// Later, I like this cream em: / to pour when you arrive from the beach, because it leaves you: super cool skin: I'm clear, you arrive from the beach, you stick a shower"
298,298,ia De esta pelicula me gusta / la: interpretacion que han hecho: los tres actores de los personajes.,1.0,ia I like this movie: the interpretation they have made: the three actors of the characters.
299,299,"La verdad es que / transmite mucha veracidad y mucha intensidad, sobre todo, Kiranaili que / no es santo de mi devocion.",1.0,"The truth is that / he transmits a lot of truthfulness and a lot of intensity, above all, Kiranaili who / is not a saint of my devotion."
300,300,"He de decir que en esta pelicula, ha hecho un papelon. //",1.0,"I have to say that in this movie, he played a role. //"
301,301,Y tambien me gusta mucho la: la recreacion que se ha hecho de la epoca.,1.0,And I also really like: the recreation that has been done of the time.
302,302,"Si hay algo en lo que yo me fijo en las peliculas, para que me gusten o no me gusten / es si me: hacen sentir dentro de la historia. Y el",1.0,"If there is something I look at in the movies, that I like or dislike / it is if they make me feel inside the story. And the"
303,303,"de toda la historia. Esto es mas malo // pa mi, ¿eh? / que pegarle a un padre con un calcetin sucio jeje jaja. ",-1.0,"of all history. This is worse // for me, huh? / to hit a father with a dirty sock hehe haha."
304,304,"Bueno, esto te lo pones tu ¿no? Te haces la linea. Pues cuando: pasa la media hora, / sales tu de casa y te llega / el carboncillo te llega aqui, a los pelos.",-1.0,"Well, this is what you wear, right? You make yourself the line. Well when: half an hour passes, / you leave your house and it arrives / the charcoal reaches you here, to the brink of it."
305,305,"jeje jaja. Me trae, Dios mio, el trabajito que me ha costado arreglarme el ojito, ponerme guapisima. Cuando te vienes a dar cuenta, te ha estropeado todo el maquillaje.  ",-1.0,"hehe haha. It brings me, my God, the little job that has cost me to fix my eye, make me look beautiful. When you come to realize, all your makeup has spoiled."
306,306,"Y dices tu, // te puedes creer, jeje. Vamos a pegarle un tiro.",-1.0,"And you say, // you can believe, hehe. We are going to shoot him."
307,307,// ¡Total!,-1.0,// Total!
308,308,"Te la venden como que es muy buena: para, por ejemplo, las que tengan lo- las puntas enchicharra.",1.0,"They sell it to you as it is very good: for, for example, those with lobster tips."
309,309,"Bueno. Pues esto yo me lo he echado yo dos veces jeje jeje y se me han puesto los pelos como espinetes, digo yo, esto que es, hombre.",-1.0,"Good. Well I have thrown this on myself twice hehe hehe and my hair has grown like spines, I say, this is it, man."
310,310,Empezo a quemarme la piel exagerado.,-1.0,I started to burn my skin exaggerated.
311,311,"Eh, toda la piel se me empezaba a poner roja y demas, no, bueno ya no es, vale, me daba calor ¿no?",-1.0,"Hey, all my skin was starting to turn red and so on, no, well it's not anymore, okay, it was hot, right?"
312,312,"Quiero que me da una especie tambien de de // de reaccion alergica, o algo asi, que se me ponia toda la piel un poco regular y dije, mira dejo de utilizarlo ya.",-1.0,"I want it to also give me a kind of // allergic reaction, or something like that, my skin got a bit regular and I said, look, I stop using it now."
313,313,"Porque no me esta gustando, porque no me, / la verdad es que no me fio ya de esto ¿no? / es demasiado desagradable y n- no lo volvere a comprar, desde luego. Voy a",-1.0,"Because I am not liking it, because I am not, / the truth is that I don't trust this anymore, right? / It's too nasty and n- I won't buy it again, of course. I will"
314,314,"// Despues de, el caso es me lo quite. Y a la manana siguiente, me entro una reaccion alergica impresionante.",-1.0,"// After, the case is I took it off. And the next morning, I had an impressive allergic reaction."
315,315,"Quiero decir, tenia toda la cara roja y con: pintita, con granitos.",-1.0,"I mean, he had all the red face and with: pintita, with granites."
316,316,"Y fue por esto sin: lugar a dudas, porque yo no me eche na:da / que no me hubiese echado an:tes, / ni hice nada que no hubiese echo antes, es decir, fue esto. ¿vale?",-1.0,"And it was for this without: place to doubts, because I did not throw na: da / that I would not have thrown before: / nor did anything that I had not done before, that is to say, it was this. okay?"
317,317,Y: asi que no: os os lo recopimiendo // para nada.,-1.0,Y: so no: I am collecting it // for nothing.
318,318,"// No lo compren, vaya.",-1.0,"// Don't buy it, go."
319,319,// Es pegajoso.,-1.0,// It's sticky.
320,320,Es muy pegajoso. Y a mi no me gusta tener los labios pegajosos / para nada.,-1.0,It is very sticky. And I don't like having sticky lips / not at all.
321,321,"No puedo con ello. A mi: los glosses, en general, no me hacen mucha gracia.  Me gustan //",-1.0,"I can't handle it. To me: glosses, in general, do not make me very funny. I like them //"
322,322,Me gustan // // pero hay algunos que son demasiado pegajosos. / ¿vale?,-1.0,I like // // but there are some that are too sticky. / okay?
323,323,"Este si. Son pegajosos estos dos, y no me los volvere a comprar. //",-1.0,"This if. These two are sticky, and I won't buy them again. //"
324,324,Y otro que no me volvere a comprar es uno de // Bourjois. No se como se diga en verda-,-1.0,And another one that I won't buy from again is one from // Bourjois. I don't know how to say it really
325,325,ese es basicamente el defecto que tiene. Porque: tarda mucho. ,-1.0,that's basically the defect it has. Because: it takes a long time.
326,326,"Si hidrata muy bien, pero tarda mucho en secar.",-1.0,"If it hydrates very well, but it takes a long time to dry."
327,327,"Y es un conazo, porque igual te la quieres echar: antes de salir de casa, lo que sea; y luego vas toda blanca o: o: o da- li- ademas.",-1.0,"And it's a hit, because you still want to miss it: before leaving home, whatever; and then you go all white or: o: or dali- plus."
328,328,"Y  bueno, yo me la tengo echado en la cara, si alguna vez. Y luego cuadrarme, de tener que salir, y que parece que vas brillando / por el mundo. ",-1.0,"And well, I have it thrown in my face, if ever. And then I get squared, having to go out, and it seems that you are shining / around the world."
329,329,"Porque:, mas estos dias de calor que hizo, bueno, hoy no, porque hoy hace un dia realmente asqueroso / pero estos dias",-1.0,"Because :, plus these hot days it was, well, not today, because today is a really disgusting day / but these days"
330,330,¿Crema de dia? Imposible. ,-1.0,Day cream? Impossible.
331,331,"Y como crema de noche, / bueno / te puedes: llegar a soportar, porque claro te vas a dormir;",1.0,"And like night cream, / well / you can: get to bear, because of course you go to sleep;"
332,332,"pero claro / irte con esa sensacion, o sea, es que como si te fuer- como si hubieras visto una cataplas:ma en la cara, o sea no.",-1.0,"But of course, to leave with that feeling, that is, it is as if you were forced as if you had seen a poultice: ma in the face, or not."
333,333,"m- a mi la sensacion / n:o es que me desagrade, es que me resulta / tan sumamente insoportable, es que, // que expresiva soy Dios mio",-1.0,"m- to me the sensation / n: or is that I dislike it, is that it is / so extremely unbearable, is that, // how expressive I am my God"
334,334,"que no: lo volvere a comprar ¡no! a no ser que sea con otra textura, o que: mi piel reaccione a ella de otra forma. //",-1.0,"no: I will buy it again no! unless it is with another texture, or that: my skin reacts to it in another way. //"
335,335,De ninguna manera. ¡Jamas!,-1.0,No way. Never!
336,336,"Me miro en el espejo. Y es que, v- vamos / detras de esa capa de aceite / mm pues mm puedo imaginar que esta mi cara.",-1.0,"I look at myself in the mirror. And it is that, v- come / behind that layer of oil / mm well mm I can imagine that my face is."
337,337,"// Pero: solo me lo imagino. Hasta que no me la lavo, no lo se seguro; porque es que esto es // ¡agh!",-1.0,"// But: I just imagine it. Until I wash it, I don't know for sure; because this is // agh!"
338,338,¡no puedo!,-1.0,I can not!
339,339,¡No! me saca muchisima grasa. ,-1.0,No! it takes out a lot of fat.
340,340,"Yo entiendo que por la noche, yo me- llegaba a poner cremas nutritivas para pieles secas por la noche; porque yo entiendo que tengo zonas de la cara / que mm no tengo",1.0,"I understand that at night, I would get to put nourishing creams for dry skin at night; because I understand that I have areas of the face / that mm I do not have"
341,341,No me da / el resultado que yo le pido a: una base alisante.,-1.0,It does not give me / the result that I ask of: a smoothing base.
342,342,"O sea, si es una base alisante, tiene que alisar.",1.0,"I mean, if it's a smoothing base, it has to be smoothed."
343,343,"Mm Esto se supone que / minimiza los poros, tapa cualquier imperfeccion.",-1.0,"Mm. This is supposed to / minimize pores, plug any blemishes."
344,344,Yo no digo que no lo haga.,-1.0,I'm not saying don't do it.
345,345,"Yo digo / que se queda corto, / que no vale lo que: cuesta / ¿eh? No se si me explico.",-1.0,"I say / that it falls short, / that it is not worth what: it costs / huh? I don't know if I explain."
346,346,"Mm, la tengo por la mitad. Me la estoy poniendo a diario. Cundir cunde. //",1.0,"Mm, I have it in half. I am putting it on daily. Spread spread. //"
347,347,Pero yo porque que tengo que pagar diez euros / por un producto / por tres productos cuando solamente estoy utilizando uno.,-1.0,But I because I have to pay ten euros / for one product / for three products when I am only using one.
348,348,Este corrector a mi no me vale diez euros.,-1.0,This concealer is not worth ten euros to me.
349,349,"Pero es que en realidad esta paleta vale veinte, porque yo lo compre a cincuenta por cien.",-1.0,"But this palette is actually worth twenty, because I bought it at fifty percent."
350,350,"O sea, ¡ni loca! , ¡ni loca! ",-1.0,"I mean, not crazy! , No way!"
351,351," el unico aprovechable, por lo menos para mi, es este de aqui",1.0,"the only one that can be used, at least for me, is this one here"
352,352,"Este no lo he usado, o no lo u- n- no lo he usado casi nunca, y este no me ilumina nada, o sea, pff.",-1.0,"This one I have not used, or I have not- I have hardly ever used it, and this one does not illuminate me at all, that is, pff."
353,353,"// No, este producto: no. En conjunto, este producto a para mi no merece la pena. / para nada.",-1.0,"// No, this product: no. Altogether, this product for me is not worth it. / Not at all."
354,354,"Yo no lo haria, vale, porque si que es cierto que deja un poquito de sensacion grasa.",-1.0,"I would not, ok, because it is true that it leaves a little bit of a greasy feeling."
355,355,"No tanta como otras cremas e- que he utilizado de proteccion cincuenta, pero si que deja. //",-1.0,"Not as many as other creams I have used fifty protection, but it does. //"
356,356,Huele muchi:simo a protector solar.  Es algo que no me gusta mucho. ,-1.0,Smells a lot: I just like sunscreen. It's something I don't really like.
357,357,¡El pelo me esta volviendo loca!// ¡Ay!,-1.0,Hair is driving me crazy! // Ouch!
358,358,No me voy a dej- es algo que no me gusta tanto que,-1.0,I'm not going to leave- it's something I don't like so much that
359,359,// Huele mu:cho a protector solar.,-1.0,// Smells a lot like sunscreen.
360,360,"Entonces:, bueno, preferiria que no oliese tanto",-1.0,"So, well, I'd rather it didn't smell as much"
361,361,Canta como escribe. Me parece: una de las mejores escritoras del del mundo mundial.,1.0,Sing as you write. It seems to me: one of the best writers in the world.
362,362,Me parece que tiene un estilo: impecable escribiendo.,1.0,It seems to me that he has a style: impeccable writing.
363,363,Lo que escribe es precioso siempre.,1.0,What he writes is always precious.
364,364,"Eh, siempre tiene las mejores palabras para explicarlo todo. No se.",1.0,"Hey, you always have the best words to explain everything. I dont know."
365,365,"Laura Gallego para mi, es eh es una idola, y yo la adoro con toda mi alma, y se / que siempre que saca un libro me va a gustar ese libro. Todos los libros de ella me han encantado ",1.0,"Laura Gallego for me, is eh she is an idolater, and I adore her with all my soul, and I know / that whenever she takes out a book I will like that book. All her books have enchanted me"
366,366, Todos los libros de ella me han encantado.,1.0,I have loved all of her books.
367,367,"em, no se. Para mi, Laura Gallego es ir es ir a seguro.",1.0,"Um, I don't know. For me, Laura Gallego is going is going to insurance."
368,368,"Y ahora mismo, mirad por donde voy. Me queda solo esto para terminar",1.0,"And right now, look where I'm going. I have only this to finish"
369,369,"Acabado mate, para nada. Para nada acabado mate, no no no no. //",-1.0,"Matte finish, not at all. Not at all matte finish, no no no no. //"
370,370,No mancha ¡mentira! Si mancha.,-1.0,"It does not stain, lie! If it stains."
371,371,"// Resiste los signos de fatiga. // Eso lo interpreto de que como que no se // queda manchones, no. ",-1.0,"// Resist signs of fatigue. // I interpret that as it does not // remain blotchy, no."
372,372,"Te queda toda la cara con base, pero brillante; entonces no es lindo.",-1.0,"You have the whole face with base, but shiny; then it's not cute."
373,373,// Asi que no me gusta.,-1.0,// So I don't like it.
374,374,Y el pincel lo encuentro super antihigienico. //,-1.0,And I find the brush super unsanitary. //
375,375,"Mira, iagh: // No creo que se pueda lavar.",-1.0,"Look, iagh: // I don't think it can be washed."
376,376,Pero miren que asco. Lo toco y es como ¡agh:!,-1.0,But look how disgusting. I play it and it's like agh :!
377,377,No. Me carga que tenga brocha.,-1.0,No. I'm sorry I have a brush.
378,378,"Es que yo los odio / directamente, porque: es como // no se, / como tocar la pared.",-1.0,"It's just that I hate them / directly, because: it's like // I don't know, / like touching the wall."
379,379,¿No habeis tocado alguna vez una pared / esta que luego te deja como polvito o algo asi? Pues yo creo que es lo mismo. ,-1.0,Haven't you ever touched a wall / this one that then leaves you like dust or something like that? Well I think it's the same.
380,380, Pues yo creo que es lo mismo. Yo creo que han cogido un trozo de pared y se lo han puesto aqui. //,-1.0,Well I think it's the same. I think they have taken a piece of wall and put it here. //
381,381,Asi lo digo. // Porque pinta super poco.,-1.0,I say so. // Because he paints super little.
382,382,"Y mira, y ahora que lo he rajado un poco, yo creo que pinta mejor",1.0,"And look, and now that I've cut it a little, I think it looks better"
383,383," Pero es que // no me gusta, no n- ademas que soy muy // es como polvo: totalmente de pared. No se-",-1.0,"But it is that // I don't like it, not n- besides that I am very // it's like dust: totally on the wall. I dont know-"
384,384,"La novela, a mi la verdad, es que me ha parecido // mala / muy mala, la verdad. ",-1.0,"The novel, to me the truth, is that it seemed to me // bad / very bad, the truth."
385,385,"O sea, me he arrepentido de la novela. ",-1.0,"I mean, I have regretted the novel."
386,386,"La unica razon por la que la he terminado es para poder / hacer esta critica, / habiendola acabado, ¿sabes?",-1.0,"The only reason I have finished it is to be able to / make this criticism, / having finished it, you know?"
387,387," No decir, bueno pues fue tan mala que no me la pude acabar, bueno.",-1.0,"Do not say, well it was so bad that I could not finish it, well."
388,388,"En cualquier otra situacion, no me la hubiese terminado ¿vale? pero / como iba a ser la critica, me la termine. ",-1.0,"In any other situation, I wouldn't have finished it, okay? but / as the criticism was going to be, I finished it."
389,389,"Y tampoco, bueno, / tampoco es que sea un libro muy gordo. Si hubiese sido tres veces mas, me hubiesen dado.",-1.0,"And neither, well, / nor is it a very fat book. If it had been three times more, they would have given me."
390,390,"¿Que puedo decir de este libro? Bueno, a parte de cosas como la literatura que no es gran cosa, pero tampoco es que me in-",-1.0,"What can I say about this book? Well, apart from things like literature that is not a big deal, but it is not that I"
391,391,"Y estos personajes // Gale, Peeta y Katniss / en esta escena / pueden un poco en contra. //",-1.0,"And these characters // Gale, Peeta and Katniss / in this scene / may be a bit against it. //"
392,392,"Por un lado // Katniss // que es una nina restringida, se puso repasional para salvar a Gale que es su amigo, pero ella nunca se pone pasional, porque no no tiene un gramo de pasion en el cuerpo.",-1.0,"On the one hand // Katniss // who is a restricted girl, she became passionate to save Gale who is her friend, but she never becomes passionate, because she does not have an ounce of passion in her body."
393,393,"eh // Gale que es super fuerte lo hicieron quedar como un como un: debil, / en frente de todo el mundo, lo cual es // senyo me parecio que condecia con su personaje.",-1.0,"uh // Gale who is super strong made him look like a like a: weak, / in front of everyone, which is // senyo it seemed to me that he condescends with his character."
394,394,Y bueno y Peeta quedo como un tarado.,-1.0,And well and Peeta was like a moron.
395,395,"del el nerd, el timido, el imbecil, que quieren ser famosos, que quieren ser populares, que quieren coger.",-1.0,"from the nerd, the shy, the stupid, who want to be famous, who want to be popular, who want to fuck."
396,396,"Y pus que hacen una fiesta, y en algun momento la fiesta pierde control, empieza a llegar banda, popular.",-1.0,"And pus that they make a party, and at some point the party loses control, band begins to arrive, popular."
397,397,"Eh se empieza a poner loca, y bueno todo sale de control. Y, bueno, no pasa nada realmente.",-1.0,"Hey it's starting to get crazy, and well everything gets out of control. And, well, nothing really happens."
398,398,"Porque la mayoria de la banda que la ha visto dice, pues es que, si la vas a ver / no hay una historia, simplemente no hay una historia. Tu vas a ir a ver / desmadre ¿no?.",-1.0,"Because most of the band that has seen it says, well, if you are going to see it / there is no story, there is simply no story. You are going to see / mess up right?"
399,399,"Es lo unico que vas a ir a ver, a ver chavillos / tomar, algunas chavas haciendo topless y cuestione-",-1.0,"It is the only thing that you are going to see, to see kids / drink, some girls doing topless and question-"
400,400,"Por que de hecho se c- se critica muc:ho en esta pelicula, que de hecho ni las actrices, las chavas / tienen muy poquitos dialogos",-1.0,"Why in fact is c- criticized so much in this movie, that in fact not even the actresses, the girls / have very little dialogue"
401,401,"o sea, basicamente es una vision bastante pigglish, /  segun he visto, / desde: de lo que es un adolescente ¿no?, un poco vacia, un poco superflua y muy / muy criticable. ",-1.0,"that is, it is basically a pretty pigglish vision, / as I have seen, / from: what is a teenager, right ?, a little empty, a little superfluous and very / very criticizable."
402,402,"La verdad, es que yo no creo que sean los adolescentes asi. Al menos eso espero.",1.0,The truth is that I don't think teenagers are like that. At least I hope so.
403,403,Yo tengo mucha fe en ellos y este y bueno. //,1.0,I have a lot of faith in them and this and well. //
404,404,"Si vas a ir a verla, tienes que ir con la idea de que vas a ir a ver // una pelicula que no tiene historia.",-1.0,"If you are going to go see it, you have to go with the idea that you are going to see // a movie that has no history."
405,405,Y la verdad es que me encanta.,1.0,And the truth is that I love it.
406,406,"Este, no se siente nada grasoso; ni: siento que me deje el pelo asi como seboso al otro dia.",1.0,This does not feel greasy at all; ni: I feel like I was leaving my hair as well as sebum the next day.
407,407,"Y: la verdad es que me gusta mucho, y siempre siempre que voy, como ya mencione / trato de traerme como unos tres o cuatro, a veces hasta cinc-",1.0,"And: the truth is that I really like it, and always whenever I go, as I mentioned / I try to bring me about three or four, sometimes up to five-"
408,408,"Pues esta ves que fui a Mexico, me compre dos nada mas, porque no traia mucho presupuesto.",-1.0,"Well this time I went to Mexico, I bought two more, because it did not bring much budget."
409,409,"Y: este me costo noventa y cinco pesos en una farmacia, pero ya se que los pueden encontrar mucho mas baratos en el centro.",1.0,"And: this cost me ninety-five pesos in a pharmacy, but I know that they can be found much cheaper in the center."
410,410,Otras de las cosas que compre fue-,1.0,Other things I bought was-
411,411,Una semana en leerlo. // ¿Ustedes creen? ,-1.0,A week to read it. // You all believe?
412,412," Bueno, no una semana exactamente, pero casi. Fueron muchos dias.",-1.0,"Well, not exactly a week, but almost. It was many days."
413,413,"Y normalmente un libro de trescientas y algo de paginas, lo acabo en: uno o dos dias mas o menos.",1.0,"And normally a book of three hundred and something of pages, I finish it in: one or two days more or less."
414,414,Asi de mucho de tarde porque no me gusto. No me gusto nada. No habia na- no hubo nada en este libro que me gustara.,-1.0,That late afternoon because I didn't like it. I did not like anything. There was nothing - there was nothing in this book that I liked.
415,415,"Obviamente, no quiero ofender a las personas que les haya gustado el libro. Porque se que son libros muy populares.",-1.0,"Obviously, I don't want to offend people who liked the book. Because I know they are very popular books."
416,416,"Pero definitivamente, este libro no fue para mi.",-1.0,"But definitely, this book was not for me."
417,417,"No puedo creer que haya habido un momento en el que yo haya pensado, que estos libros podian ser mejores que Vampire Academy, pero no, no, no, no, no, no, ¡no!",-1.0,"I can't believe there was a time when I thought that these books could be better than Vampire Academy, but no, no, no, no, no, no, no!"
418,418,"La verdad, / me encanto. Me sorprendio mucho el libro",1.0,"The truth, / I loved it. I was very surprised by the book"
419,419,No punfue- no pense que me fuera a gustar tanto. ,-1.0,No punfue- I didn't think I was going to like it that much.
420,420,"Me gusto muchisimo. Y un: toque que me encanto que le dio la autora, es que al iniciar cada capitulo / empieza como que con una cita o un pasaje o una cancion o algo / cien por ciento inventados por ella, pero te dan una / pero te ponen como si u- fuera una fuente real, pero de este universo; ",1.0,"I really liked it. And one: touch that I loved that the author gave her, is that at the beginning of each chapter / it begins as if with an appointment or a passage or a song or something / one hundred percent invented by her, but they give you one / but they put you as if it were a real source, but from this universe;"
421,421,No se. Me encanto ese detalle.  Me encanto el libro.,1.0,I dont know. I love that detail. I loved the book.
422,422,"Y si les gustan las historia de una sociedad / eh, oprimida como de Hunger games / como los Juegos del hambre, No es parecido a los Juegos del hambre, pero si",1.0,"And if you like the history of a society / huh, oppressed like from Hunger games / like the Hunger Games, It is not similar to the Hunger Games, but if"
423,423,"Lo que yo pienso. Lo que yo opino es // que toma ese // ese magia, esa fantasia que en realidad existe, / y la plasma en los libros",1.0,"What I think. What I think is // that it takes that // that magic, that fantasy that actually exists, / and it is reflected in the books"
424,424,"Lo que: nos hace sentir tambien identificados con los personajes; / con uno o con otro, no con el protagonista siempre. Yo a veces me he identificado hasta con ancianos.",1.0,"What: also makes us feel identified with the characters; / with one or the other, not with the protagonist always. I have sometimes identified myself even with the elderly."
425,425,"Este. // Son sus libros muy, muy originales, / con un toque de comedia tambien muy divertido, historias modernas / y bueno y con ese toque de fantasia //",1.0,"East. // His books are very, very original, / with a touch of comedy also very funny, modern stories / and good and with that touch of fantasy //"
426,426,Creo que es una historia que engancha / muchisimo. Es preciosa. //,1.0,I think it is a story that hooks / a lot. Is beautiful. //
427,427,"em: hay momentos de risa, hay momentos de llorar, / momentos que no entiendes nada y luego te lo explica bien je:",1.0,"em: there are moments of laughter, there are moments of crying, / moments that you do not understand anything and then he explains it well he:"
428,428,"El principio es un poco lioso, pero te engacha. ",1.0,"The beginning is a bit messy, but it deceives you."
429,429,"Os lo digo que / em: / la historia, el trama que tiene // es maravilloso y lo recomiendo al cien por cien. //",1.0,"I tell you that / em: / the story, the plot it has // is wonderful and I recommend it one hundred percent. //"
430,430,"Y: bueno voy a dejarlo aqui abajo, porque me estoy cansando ya / la mano. ",-1.0,"Y: well I'm going to leave it down here, because I'm getting tired / hand."
431,431,"Y: bueno, de momento, es el que me estoy leyendo ahora. No se: cual empezare despues.",1.0,"Y: well, at the moment, it's the one I'm reading now. I don't know: which one will start later."
432,432,"A mi me ha encantado, la verdad.",1.0,"I have loved it, the truth."
433,433,Y: decir que los personajes tienen unas cosas muy divertidas.,1.0,And: to say that the characters have some very funny things.
434,434,Son muy naturales.,1.0,They are very natural.
435,435,"Y ese es lo que al final al cabo todos deberian de ser, esa, son personajes tan creibles que casi puedes estar ahi viendolos.",1.0,"And that's what they all should be in the end, that, they are such credible characters that you can almost be there watching them."
436,436,"Viendo como interactuan entre ellos, como / como se graduan, como hablan con la pareja, como encuentran un trabajo, todo.",1.0,"Seeing how they interact with each other, how / how they graduate, how they talk to their partner, how they find a job, everything."
437,437,Y es es un libro fantastico.,1.0,And it is a fantastic book.
438,438,"Ya digo, no es un libro: realista, a pesar de que los personajes lo son mucho, es un libro de fantasia.",1.0,"I say, it is not a book: realistic, despite the fact that the characters are very realistic, it is a fantasy book."
439,439,Y aun asi // es fabuloso.,1.0,And yet // it's fabulous.
440,440,"eh:m A mi Crepusculo: / no se si lo lei en el momento ideoneo, pero me fascino.",1.0,"eh: m To my Twilight: / I don't know if I read it at the moment I wanted, but it fascinated me."
441,441,"Se que hay mucha juventud que lo ha leido, cada: vez he estado loca por los protagonistas, luego de las pelis y demas.",1.0,"I know there is a lot of youth who have read it, every time I have been crazy about the protagonists, after the movies and others."
442,442,"Y: yo tengo una batalla: un poco: / con la gente mas mayor, porque me he dado cuenta que / lo han categorizado totalmente de juventud, de literatura: juvenil.",-1.0,"And: I have a battle: a little: / with the older people, because I have realized that / they have categorized it totally as youth, as literature: youth."
443,443,"Y para mi no es asi, o sea, vale, hay mucho de de",-1.0,"And for me it is not like that, that is, ok, there is a lot of"
444,444,Esta padrisimo. ,1.0,It's awesome.
445,445,Ya en otros li- en otros videos ya les he dicho de que se tratan los libros de Cazadores de sombras.,1.0,Already in other li- in other videos I have already told you what the Shadowhunters books are about.
446,446,"Si tienen curiosidad, o si les ha llamado la atencion, o dicen, los leere, no los leere. Leanlos, de veras. ",1.0,"If they are curious, or if it has caught their attention, or they say, I will read them, I will not read them. Read them, really."
447,447,"O sea, / yo la primera vez que los vi no se me hacia que estuvieran tan padres.",-1.0,"I mean, / the first time I saw them I didn't think they were such parents."
448,448,"Y aqui estoy, cinco libros despues, siendo super fan y ya como que jure mi lealtad a Cassandra Claire y toda la cosa, porque me encantan. ",1.0,"And here I am, five books later, being a super fan and I already swore my loyalty to Cassandra Claire and the whole thing, because I love them."
449,449,"A veces, no se, o sea leyendo este libro senti como que Cassandra Claire, no se, como si me conociera o algo asi, porque escribe exactamente lo que me gusta leer y todo yo s-",1.0,"Sometimes, I don't know, that is, reading this book, I felt like Cassandra Claire, I don't know, as if she knew me or something like that, because she writes exactly what I like to read and everything I know-"
