,tweet_text,sentiment
0,"Alisson puede estar ms tranquilo, no cargar con el peso de ser el arquero mas caro de la historia. Si es que eso le pesaba en algo. Gracias",POSITIVE
1,"No se que escribir con respecto al juego de hoy, sigo en el shock en el que me dej el Gol de Kane.Me dedicar a leer las opiniones",NEGATIVE
2,"Precioso el estadio Olmpico de Londres, casa de los Hammers",POSITIVE
3,"Hoy se vera si vamos por buen camino, faltan muchos jugadores, vamos con todo ??",POSITIVE
4,Vamos!!!! Ya es la recta final Falta poco! A ganarla con,NEGATIVE
5,"En estas pocas en que Union me hace doler el corazn, el Liverpool me recuerda que el futbol es hermoso.No son ni comparables los sentimientos, pero as todo, sigo alegrandome por cada gol Red.You Never Walk Alone",POSITIVE
6,Buen futuro con Felipe,POSITIVE
8,"Esta banda quiere y quiere, se gan con de menos, mucho huevo!???",POSITIVE
9,"Oigan, Alisson Becker (el portero de Brasil al que todos le estaban haciendo hijos) ya es Red, qu precioso ?",POSITIVE
10,Mirad putos gilipollas como os desagais del viejo cadver decrpito fracasado francs de Wenger para traer al puto perdedor arruinador de fbricas de gominas de Emery my voy a cagar tan alto en la puta que voy a parar las manijas del puto Big BenINTILES DE LOS COJONES,NEGATIVE
11,Excelente asistencia de para que empate el partido vs -1 min. .,POSITIVE
12,"Tienes razn. Igual si les hacen falta cracks les vendemos a mayoral y Don RDT a buen precio, mira tremenda ganga.",POSITIVE
13,El representante es el problema ac me parece.,NEGATIVE
14,"Hemos sido superiores al Tottenham y por suerte hemos marcado, pero tambin desaprovechamos oportunidades claras, a ver si en el segundo tiempo somos mas contundentes.",POSITIVE
15,Esta bien. Ya veremos como lo utiliza el Pep. Esta Premier que viene pinta prometedora,POSITIVE
16,"a belesh le dan un gol de camps el cual la pelota ni habia entrado.... -1.. empezamos mal, despues, un penal muy dudoso que vino en la expulsion de fabri y se descontrolo todo, penal de chilavert y -1.. despues vino la expulsion del diego y es historia, belesh gano el titulo",NEGATIVE
17,"Buff. Espectacular. Me recuerda a la meyba. Por cierto, compartimos main sponsor con el .",POSITIVE
18,"Mejor dicho, qu le ensee a jugar ftbol... Pobre grone",NEGATIVE
19,Este de agosto cumple aos el jugador del . MUCHAS FELICIDADES!! ???????,POSITIVE
20,"Si, el nos va a vender a y el mismo ao y a buen precio.....",POSITIVE
21,"Umtiti y Lenglet son jovenes, Vermaelen nunca esta y Pique le esta pesando la edad y ya no da tantas garantias como antes. Se tenia que quedar el o Marlon no los dos.",NEGATIVE
23,Que bien conoce de cuando estuvo en el a lo esta explotando muy bien en el,POSITIVE
24,"Grande Erick, de lo mejorcito del",POSITIVE
25,No me gusta dar por sentadas estas cosas pero es inevitable que me ilusione. Empieza a haber portero! ??,NEGATIVE
26,"Pues no, fichajon seria Kante, Hazard, Mbappe... No uno de aos que en la copa del mundo fue una decepcin.",NEGATIVE
27,"aos ??:Consigui ttulos en su carrera, incluyendo con , con y la con . Disput con la Canarinha. Feliz Cumple! ??",POSITIVE
29,?Ya lleg a nuestra tienda la nueva camiseta del ? PRECIOSA?,POSITIVE
30,"Me caes bien cuando eres objetivo porque eres muy inteligente, pero ahora s t desconoci, de verdad ojal les alcance para el campeonato porque de nada va a servir tanta emocin e ilusin de ustedes nuestros hijos cementeros",POSITIVE
31,"Nunca dije que se fuera,me parece un excelente jugador lo dije a modo de comenzar acomodar el equipo tal vez t fuiste el que no entendiste, buen da chico",POSITIVE
32,El enfado de los aficionados ingleses por la ms que posible salida de salga del en direccin a Espaa es monumental (comparan su rendimiento superior en comparacin con Morata). Interesante lectura.,POSITIVE
33,"Que buen partido, ya -0 y sin despeinarse!! Que gran equipo tiene para poder competir este ao por la COME ON REDS",POSITIVE
34,"A partir de ahora sois mi equipo preferido de la Premier, enhorabuena, con un poco de suerte me compro la camiseta hahahah",POSITIVE
35,Por favor una Copa para la y otra para el . Puro espectculo el que nos han regalado en la eliminatoria.,POSITIVE
36,Lo mejor de todo es que le devolvieron el skill,POSITIVE
37,"Increble que con todo el dinero gastado esta temporada, los sper refuerzos y el gran tcnico; el no pueda ganar ni un solo punto de posibles. Ni siquiera ha podido anotar ?? ah estn las cosas chingonas ?",POSITIVE
38,"Acierto del con el fichaje de Matto Guendouzi.MC de altsimo nivel tcnico, gran toma de decisiones y rpido en ejecucinGran despliegue por el terreno de juego, tiene capacidad para generar juego en cualquier zona del campo Prxima revelacion en la",POSITIVE
39,"Los problemas internos se reflejan en el campo, y old trafford hoy reflej todo... ???",NEGATIVE
40,Siempre dije que Gandhiola solo es un mediocre muy publicitado.,NEGATIVE
41,Mal tiempo.... Resulta que en Bilbao se esta de puta madre del calor que hace jajajajaja,NEGATIVE
42,"El d mou, q no iba a fichar, tiene q dar bajas, no caben todos",NEGATIVE
44,"tenes razon, deberia ""descender"" los animos de mis comentarios.. buena observacion amigo",POSITIVE
45,"Antonio Conte tenia un buen proyecto con el Chelsea pero tenia problemas con la directiva y eso lo impidio hacerlo. Ahora Sarri igual tiene un proyecto, le gusta darle continuidad a jovenes promesas.",POSITIVE
46,"Por su parte, Arsne Wenger no se va de la mejor manera del . Sinceramente mereca irse y cerrar este ciclo de aos con un ttulo internacional, pero lamentablemente no se dar. De todos modos nadie podr negar todo lo que hizo por este club. Fantstico!",NEGATIVE
48,Sigue en recuperacin! Yerry Mina tampoco debutar esta semana con el,NEGATIVE
49,"y empataron a y siguen en mala racha, el local al menos llega invicto partidos pero no le sirve si aspira a copas internacionales.Esta a del ultimo puesto de",NEGATIVE
50,Feliz Cumpleaos gaffer. Gracias por todo en Manchester City.,POSITIVE
51,"Alisson al ... increble. El salto de jerarqua y calidad que han obtenido este mercado es increble, si antes eran capaces de llegar a la final, ahora son capaces de ms. Veremos cmo acoplan las piezas, pero sin lugar a dudas prometen mucho.",POSITIVE
52,"Respecto a Arsenal, no pude ver la serie contra el Atltico, pero hay que ser muy honestos y crticos, el equipo ha tenido la peor temporada en la era Wenger y ganar la Europa League resultaba utpico. El lugar que hoy tenemos en Inglaterra y en Europa es el que merecemos.",NEGATIVE
54,Santi no quiero pelear porfa no me hagas enojar,NEGATIVE
55,No mames hasta ulises davila fue del chelsea,NEGATIVE
56,No venan jugando mal pero no se le daban los resultados. Al fin gan,NEGATIVE
57,"Te confieso que me hiciste hasta llorar, todo es por culpa de los dirigente,que lo nico que hicieron fue robar, y ahora lo que te queda es la gente, que cada fds viene alentar ???",POSITIVE
58,Igual sigue siendo grato volver a ver a un gigante en la cima de Europa. Congrats ?,POSITIVE
59,"Saben lo que pasa muchachos, la familia es casi toda de Riber, por eso tanto ardor en la cola, aparte de irse de Velez...",NEGATIVE
60,"Felipe Anderson al . El traspaso ms caro de su historia, M, un jugador que en la Lazio ha ido de ms a menos, nunca fue el que se esperaba, eso s, que ahora juegue mucho ms por dentro le puede venir bien para asociarse con Lanzini, Arnautovic y compaa.",NEGATIVE
61,buena pasada hicieron...malo haber jugado con la ilusin del jugador,NEGATIVE
62,? CHULADA!! ?El vestir de manera elegante para la siguiente temporada ??,POSITIVE
63,Mil gracias Javier,POSITIVE
64,"Y no es el nico ejemplo. Ac el problema es la envidia, la envidia al club ms grande de la historia: Real Madrid.",NEGATIVE
65,Idolo...El Rojo Te Espera...para Cuando Campen...Mis Felicitaciones...,POSITIVE
66,"Previa ESPECTACULAR con Asi s, este ao toca la !",POSITIVE
68,Mucha suerte en la FA CUP !!!!!,POSITIVE
69,No puedo creer que Allison Becker haya fichado con y siga sin encontrar un buen club,POSITIVE
70,"Me caga que eleven los precios tantos por cualquier jugador, mal ah, ya no te quiero, bueno s",NEGATIVE
71,"Suerte Sergio, te deseo lo mejor en sta etapa en Inglaterra.???",POSITIVE
72,"Luke Shaw es una carreta, lento! Obeso est! No puede jugar este muchacho jajaja.",NEGATIVE
73,"aos ??:Multicampen con , y . Mxima leyenda del ftbol islands, donde es el mximo goleador de la Seleccin. Ex y . Feliz Cumple! ??",POSITIVE
74,Rom-1 Liv-2Partido abierto y lleno de ocasiones.La sali a por todas pero el tuvo ms pegada.Marcaron Man y Wijnaldum y Milner en pp hizo el empate momentneo.Se viene una segunda parte apasionante.,NEGATIVE
75,"Nose por que le teneis tanto cario, ami no me parece tan bueno como lo pintan, es un lateral que no sabe centrar...",NEGATIVE
76,"No slo en la Liga MX no hay continuidad. Chelsea, el ejemplo perfecto.",POSITIVE
77,"Fue tan Van Dijk ?????Ya la neta si no lo traen, solo alguien puede llenar el hueco que tiene mi cora....y es leon bailey",NEGATIVE
78,"dais mucha pena,sois unos fracasados, vete para tu casa,esto es lo que os espera contigo y retirate del futbol ests acabado, sois una puta verguenza de equipo",NEGATIVE
79,Estoy muy seguro de que el se llevara la premier esta temporada y seguramente peleara duro por la,POSITIVE
80,"Oye me laten me caen sper, se me hacen un equipo con tradicin pero ojal pierdan hoy para que se vaya Moyes por no alinear a .",NEGATIVE
81,que te parece este -1 ?Sinceramente el ingeniero hace buen trabajo.,POSITIVE
82,"El es una mentira de equipo y la culpa la tiene la directiva en contratar a y sobre todo por no darle fichajes top, ya que es la nica manera que tiene este entrenador en ganar algo. Sobrevalorado total. Y los que saben cmo Alexis se les olvida.",NEGATIVE
83,"El del bien emocionado xq estuvo en el juego entre el Pero ella tambin estuvo en con el y se vea muy feliz. O sea, le gusta las dos bandas. ?????????????????????",POSITIVE
85,Queda felicitar a los muchachos que han estado trabajando a conciencia y con mucho compromiso estos ltimos meses para representar los colores con mucha pasin. Volveremos y venceremos! ???,POSITIVE
86,una mala adquisicin teniendo porteros como ?,NEGATIVE
88,Eres un jugadorazo !!! Y lo seras mas si algun dia juegas en el celta. Suerte para la temporada.,POSITIVE
89,"? Se saba que sera un inicio complicado. /6 puntos frente a los ltimos campeones de los mximos galardones en el ftbol ingls con un DT debutante tras largos aos. No es lo ideal, pero estaba en el presupuesto. Esto es de largo aliento y lo mejor es apoyar al club.",POSITIVE
90,"Mas de la mitad de los comentarios aon Dj algo, que pendejo el zaha se la mamo",NEGATIVE
91,"Si we , ya estaba fichado . Pero al ms puro estilo del mercado quisieron regatear jajaja y vali barriga.",POSITIVE
92,"""Jorginho ha iniciado su nueva aventura con el muy bien, el ya est integrado adems de que tambin habla bien ingls, entonces no est teniendo ningn problema para establecerse.""El agente de Jorginho habla del tiempo que lleva su cliente en el",POSITIVE
93,Trippier nos est acostumbrando a los goles lindos y de tiro libre. Mucha rosca. Mucha potencia. Mucha exquisitez. -1 lo gana,POSITIVE
94,"Bien por ....no me gusta nada Colo Colo, aunque le d muchas alegras al pueblo.",POSITIVE
95,Ja ja ja ja ja ja ja ja ja ja Cules doble moral pero vamos no desperdicies tus fuerzas el el te necesita ????,NEGATIVE
96,"Una mierda de mercado de fichajes para , como siempre se empean ms en firmar auspicios/Sponsors y alardear que son ""el equipo ms rico del mundo"" que ha mostrar jerarqua como club",NEGATIVE
97,El equipo con una marca en la impresionante.,POSITIVE
98,Que hermosa es la Premier en un partido que lo tenian controlado los Spurs pasan a perderlo por el mpetu de los jugadores del Watford,POSITIVE
99,"Moura es desequilibrante, rapidsimo, literalmente o juega por derecha o se muere porque la izquierda la tiene de adorno, es buen centrador y sala econmico, por qu no Moura????? Por qu dejamos pasar esa oportunidad? igual que ocurri con Aurier.",POSITIVE
100,Si mourinho no lo deja esta temporada seria una gran estupidez es el mejor jugador de esta pretemporada,POSITIVE
101,"Se marcha por . Debuta en la el croata. Y con la camiseta del , por supuesto. Por cierto, partido muy muy completo del medio-centro ingls. Nos gusta que vuelva a tener confianza!",POSITIVE
102,Gracias a los aficionados que estuvieron hoy en Vicarage Road! ?,POSITIVE
103,?????? Sarri... empezamos perdiendo de entrada?????,NEGATIVE
105,Media base tiene buen ojo!! Es un jugadorazo ????,POSITIVE
106,"millones, me parece algo totalmente normal como esta el mercado, que tiene de malo?",NEGATIVE
107,"Tiene buena pinta ste chaval, aunque evidentemente necesita entrenamientos y jugar. Pero creo que centra mejor que todos los laterales juntos, salvando algn centro de Young a veces.",POSITIVE
108,"No es sobre cambiar los gustos y la forma de pensar, eso no lo voy a cambiar jamas, ni viceversa, es sobre aceptar la realidad, que Boca te supera en copas, en partidos y en hinchas, tan simple como eso. Para eso estan las estadisticas.",NEGATIVE
109,"Gran juego de mi , Sadio va a estar hecho una bestia est temporada.",POSITIVE
110,Lo que tienes de alto lo tienes de pendejo ?,NEGATIVE
111,Orgullo nacional es cuando juega para la seleccin.sus mritos y triunfos personales son de l. Bien por l,POSITIVE
112,"Ya me cans de despertar pensando en el anuncio de Golovin y no obtener nada, los odio",NEGATIVE
113,"M me parecen bien, tiene dos o tres aos a buen nivel y como recambio, nada mal.",POSITIVE
114,Llegaron hasta donde podan con ese equipito de mierda.,NEGATIVE
115,"Usa la plata para comprar una replica y deja de pasar verguenza en esta competencia de CLUBES en serio ,",NEGATIVE
116,Pues me traslado del Bentegodi al Stanford camarada igual la Juve ya se cago en mi ?,NEGATIVE
117,A y no los inflaron xq si tenan cualidades y la calidad para triunfar fue su mentalidad mediocre el conformismo de quedarse en su zona de confort y que se subieron a su nube cuando al llegar a creyeron q lo haban logrado,NEGATIVE
118,Desde que te fuiste no ha habido un da que no piense en ti. No te vayas nunca,NEGATIVE
119,Felicidades al por haber obteniendo la un equipo genial que ha sabido compactar con todas sus estrellas leroysane19 Bravo por tus,POSITIVE
121,La camiseta del Leicester City es de las ms lindas de la Premier League ?.,POSITIVE
122,"Solo djenme disfrutar este momento del ..... ahhhh! Bueno, de vuelta al trabajo.",POSITIVE
123,Te amo Liverpool desde Mexico te sigo y me sigues,POSITIVE
124,Pura elegancia y un claro guio al ftbol clsico. Grande Unai,POSITIVE
125,"Hay varios que estan dentro de los mejores del mundo en sus respectivos puestos...Mane, Salah, Firmino, Robertson y VVJ y el resto a un gran nivel Hendo Milner Lallana Ox y Can ....con o buenas contrataciones se pelea la Premier y Champion el prximo ao",POSITIVE
126,Fracasado y sin manos!!! Mtete esa camiseta horrible en el orto!!! Suplente eterno.,NEGATIVE
128,"Caso Calleri. Hay jugadores que les importa ms su bolsillo que la gloria. Cosa que no me parece mal pero para boca, dame los que quieren la gloria.",POSITIVE
129,No te fuiste aun.. y ya siento que te extrao ? sos lo mejor de Boca negro.,NEGATIVE
130,"JAJA PSV tendr que pelear por un puesto en Europa League.Sin embargo, es una excelente vitrina para el Chucky. Ojal haga buenos partidos",POSITIVE
131,Bien este es el ao vamos adelante fuerza Saludos y xitos desde Vinces los Ros Ecuador,POSITIVE
132,goles en esta serie de semifinal entre y sin dudas una de las mejores serie de Champions en mucho tiempo.,POSITIVE
133,"Le tengo una fe tremenda al tridente Mo Salah, Firmino y Man maana. A clasificar se ha dicho. Ellos y Klopp son los nicos que pueden bajar al Madrid",POSITIVE
134,Muuuy bien Garcas mejor lo mejores equipos del mondo del historia muchas Felicidades campen???????????,POSITIVE
135,"Dos finales, un objetivo. Yo estoy a muerte con este equipo. Ellos no nos fallarn si nosotros no fallamos. KEEP GOING LADS.",NEGATIVE
136,"No!! Pobres! xD El Everton es mi equipo de la premier, no les mandes el paquete! Jaja",NEGATIVE
137,Los grupos B y H son cumbres en la fase de grupos de la Para el ser todo un reto pelear por la supremaca de grupo con el y en menos medida con el en plena reconstruccin. El es un buen proyecto a largo plazo,POSITIVE
138,Junta deportiva/econmica Bartomeu ha sido PSIMA estos aos (a pesar de eso Ttulos de jugadores/entrenadores y con unidad floja)pero hay que reconocer que este verano la gestin salidas/entradas/limpia unidad ha sido MUY BUENA. Al Csar.....(mencin especial ),POSITIVE
139,"Muy bien Agero, y en la seleccin?",POSITIVE
140,?9'?? GOOOOOOOOOOOL DEL LIVERPOOL! Man aprovecha un error de la zaga romana y abre el marcador en el Olmpico ?-1? (Global -6) ? :,NEGATIVE
141,"Lo de Javi Gracia siguen en estado ""De Gracia"" ??? y ganan al para conservar su invicto en la ?? da otro piquetazo ???",NEGATIVE
142,"Lenglet me parece mejor, sobretodo en salida, el problema es que es zurdo entonces se complica para jugar con umtiti. Lo que si es muy bueno de yerry es que tiene mucho gol.",POSITIVE
143,No espero nada bueno de ustedes y an as logran decepcionarme ... ??,NEGATIVE
144,"El Gol de Yerri Mina en el Mundial ante Inglaterra ha sido clave en el conocimiento y reconocimiento desde la Premier de un jugador de la calidad de Mina. Creo que se adaptar bien, al menos en lo futbolstico a su nuevo destino. Suerte. ??",POSITIVE
145,"Yo creo que si,MEza es un extraordinario coach con esa idea del ftbol??igual ala de guardiaola,lo de pep,no es nuevo y si x esmeza ??no te gusta,la comparacinEl ftbol es sencillo mientras mas simple ytodos corren igual sea ftbol asociacin no individualidades. Saludos NY",POSITIVE
146,Desde Chile Feliz Cumpleaos Pellegrini.Atte,POSITIVE
147,"Me hubiera gustado un chingo que algn club grande, adems del , jugara contra la Estrella Roja.",NEGATIVE
148,literalmente jug como un tanque! Genial jugador tenemos!,POSITIVE
149,"Buen laburo de Vietto. Se mueve por todo el frente de ataque para buscar la pelota, no se queda estancado en una posicin.",POSITIVE
150,Sin guardar relacin con arribo de a llega a en calidad de prstamo ;,POSITIVE
151,Mucha suerte en tu nueva etapa .. Ojal puedas volver a tu nivel y a disfrutar del futbol.,POSITIVE
152,"Pffff menos mal, se estaban acercando las y ya me estaba asustando",NEGATIVE
153,al ? quiero verte en mi equipo Europeo,POSITIVE
154,La del Puebla no se queda atrs eh! Pesima haha,NEGATIVE
155,Y te falt el y el ..... Brutal!,NEGATIVE
156,"Buena suerte, nos vemos la temporada que viene ?",POSITIVE
157,"Desde hoy Son mi equipo favorito, Y Ojala ganen la premier, Gracias por Todo, Os habeis ganado todo el respeto del Barcelonismo, Club Amigo ?",POSITIVE
158,"A disfrutar del espectculo.. hoy solo , nada de ?",POSITIVE
159,??????? | Calvert-Lewin jug en la posicin de Richarlison y en ataque respondi con su gol y siendo el ms peligroso para el arco rival.Lamentablemente en marca fall mucho y cometi muchas faltas que le bajaron el ritmo al partido.,NEGATIVE
160,"cumple con la lgica, le gano a y se asegur la ... Ahora va por la",POSITIVE
161,La verdad el baj mucho las revoluciones al final e hizo una fiesta atrs.,POSITIVE
162,Grave ha sido la lesion de Kevin De Bruyne. Sera sometido a examenes en Manchester y Barcelona. Podria estar hasta meses de baja.,NEGATIVE
163,"Los aficionados del (31 puntos) muy atentos a este choque. Una victoria de cualquier equipo les desciende de categora, sin embargo un empate les dara oportunidades para la ltima jornada",POSITIVE
164,"""Tenemos muchos jugadores muy buenos... pero Kevin De Bruyne... lo amo, es mi hroe."" - Leroy SanOjo aqu, .",POSITIVE
166,No puedo creer esta ayuda del Everton para cuadrar las cuentas del Bara con ftbolistas q no quieren y q necesitan salir. Es un escndalo grandsimo.,NEGATIVE
167,"gracias por las ulceras de hoy... No te voy a decir ""nunca cambies""... HAZLO, por el bien de mi salud.",POSITIVE
168,"Pero nada nada mal, el betia no llegaba a creo",NEGATIVE
169,Muchas sonrisas previo a nuestro viaje el domingo a Estados Unidos! ??,POSITIVE
170,"Jrgen Klopp ""Muchos piensan que nuestra ventaja no es suficiente"" ""Tenemos que estar listos, porque la Roma lo estar"" ""No es imposible -quedar afuera- porque es ftbol, pero ellos la tendrn bastante difcil""",NEGATIVE
171,"Es una vergenza este tipejo, nefasto, lo que tiene de altura lo tiene de mierda en el cerebro el imbcil este",NEGATIVE
172,Retweeted Borja Bastn ():Mucha suerte en tu nueva aventura !!! Espero que tengas muchos xitos en el !???,POSITIVE
173,"Vale, lo tengo que admitir. El () es el mejor equipo de ???",POSITIVE
174,"| El Newcastle Unite de la Premier League de Inglaterra, anunci el fichaje del delantero venezolano Salomn Rondn, el vinotinto llega en prstamo por un ao y opcin a compraFelicidades Gladiador ????",POSITIVE
175,"Te odio es la segunda vez que me haces perder un parley, no ganarle al wolverhampton ?? muranse pechos fros!!",NEGATIVE
176,"Yo no se si a ustedes les pasa, pero me da un fresquito que al y a le hagan muchos goles",POSITIVE
177,"no est contento con la plantilla del ??????""Nuestro nivel no est a la altura del que tienen en sus plantillas equipos como el Liverpool y el Chelsea. Necesitamos fichajes y mantener a nuestras estrellas si queremos luchar por la Premier""",NEGATIVE
178,"""Jugamos estos ltimos cuatro partidos al mismo nivel que la temporada pasada. Es difcil cuando juegas contra equipos que meten diez jugadores atrs y contraatacan bien. Me sorprende haber generado varias ocasiones""",NEGATIVE
179,Mucho canterano con futuro en el. Me ha encantado NelsonY buen para ser el debut...Rodri es maravilloso (fichajazo),POSITIVE
180,Copia y coloca a tu EQUIPO favorito de cada pas ??? - ?? - ?? - ?? - ?? - ?? - ??????? - ?? - ?? - ??- me valen verga,POSITIVE
181,"""Es normal en esta fantstica plantilla (que un jugador quede fuera)"", afirm.",POSITIVE
182,Visten de colorado pero no veas que peazo de tampoco veo que deslumbra y no lo digo por los goles que brillan por su ausencia su juego pues eso ni fue ni fa,NEGATIVE
183,Es lo que no entiende ese periodista mediocre que sus jugadores la mayora son banca en Europa,NEGATIVE
184,"La opcin de recompra es buena por si acaso, suerte al panita y esperemos recomprarte en el futuro eso significara que te has salido en la premier ???? .",POSITIVE
185,Mucha suerte hoy en la al del tinerfeo en su visita al (19.45h) ??,POSITIVE
186,La Real Sociedad de Ftbol est disponible! Gracias a,POSITIVE
187,nada ms lindo sera que tener la gran camiseta de Mo el egipcio,POSITIVE
188,"Buen dia !! Ya desayunando con la premier , ojala empate el . Saludos",POSITIVE
189,"Es precioso!! Enhorabuena a esos luchadores, madre, padre e hijo.",POSITIVE
190,"Y que les quede claro que ustedes son unos recin llegados, no son nadie, sin los petrodolares no tienen NADA",NEGATIVE
191,"Jajajajaja no es mi fav tanto, pero es el que ms me gusta de Italia",POSITIVE
192,Gracias a la por saludar al capitn por coronarse campen en Inglaterra con . Son notables y demuestran unidad y equidad de una manera digna de destacar a nivel mundial ????,POSITIVE
193,Increble que solo por ser Brasileiro esta hoy da en y no el mejor que es !!,POSITIVE
194,"Cmo alegra la vida ver un buen partido de ftbol!, los ""Hornets"" del llegaron a su partido como vctimas, siguen invictos y en la punta, quizs no dure mucho, pero nadie les quita lo bailado hasta ahora.",POSITIVE
195,Seores los dos tenan ke a ver salido siempre el mas joven y mas oscuro de piel pierde o no vieron las dos patadas ke le tiraron,NEGATIVE
196,Yo me cio a los pocos partidos que he visto del Y me parece que arriba tienen al mejor tridente del mundo y atrs son una verbena.Dicho lo cual en una final puede ocurrir cualquier cosa y hay que tenerle respeto si,POSITIVE
197,Hotel Manzanillo presenta... La y toda la son una verguenza...Es un escandalo igual al de ayer...Nunca caminaran solid y Siempre estaran los arbitros con ustedes...,NEGATIVE
198,Definitivamente ha sido de las mejores semifinales por no decir la mejor que he visto entre y mi favorito al Ttulo esta es est llave,POSITIVE
199,"No entiendo a Sarri. Ayer sali a decir que no se ve al , pero ya son dos juego en la banca. A mi no me engaan. ?",NEGATIVE
200,"Muy fcil, que pase el siguiente. Old Trafford y el se respetan igual que a una madre.",POSITIVE
201,"Sin duda. Mientras no juegue, no anot y nada de nada. No estar pero bueno el top no est mal.",NEGATIVE
202,"Bueno est bien que acepten que Liverpool da pena pq ah no se equivocan, por otro lado me dice que solo me sigue "" mi familia "" en realidad no me importa las redes sociales vos tens miles de seguidores y tens fav por cada tweet...",NEGATIVE
203,Eres el mejor del mundo. Somos humanos tenemos errores. Vamos que esto sigue.,POSITIVE
204,"Grande capitn, eres y sers el mejor!??????",POSITIVE
205,Desde Uruguay te acompaamos en esta nueva etapa. Todo el xito que te mereces. Te vamos a estar marcando de cerca ??.,POSITIVE
206,"Me caga cuando ponen ""el mexicano "" ptm ya sabemos que es mexicano !!!",NEGATIVE
207,"Solo busca conflicto para gustar a cierta parte de realistas. Es todo complejos. La Real no le merece, flaco favor os hace.",NEGATIVE
208,Que bueno volver a ver a un equipo de tanta tradicin e historia de vuelta casi seguro en una final de Champions. Bien liverpool,POSITIVE
209,"Luiz: ""Lo estoy disfrutando mucho, tenemos una gran filosofa, un gran manager y un espritu increble en el equipo, as que es fantstico estar jugando"".",POSITIVE
210,"Mustafi es lamentable, Koscielny an tiene la excusa de q es un cadver por las lesiones",NEGATIVE
212,aos :Actualmente en . Campen con en . Brill en y . Mundialista en ?? con . En super un cncer. Feliz Cumple! ??,POSITIVE
213,? increble que la deje ir un talento as... en el o hara maravillas.,POSITIVE
214,Qu hueva..... mejor que pongan el himno unas veces THEEE CHAAAAMPIOOOONNSSS,POSITIVE
215,"no bajen seal de Paraguay pf , sale psimo c/ ese odioso cuadro x cuadro, la Intl Champions Cup sale horrorosa, no se les ocurra hacer eso con la Premier",NEGATIVE
216,Son unos hijos de re mil puta. Todos los aos lo mismo con ustedes. QUE SE VAYAN TODOS,NEGATIVE
217,"La pierde por no poner desde el inicio a Gonalons, errores defensivos, falta de pierna fuerte, psimo arbitraje y un toque de suerte en la ltima pelota. nada distinto, pero te mata. Tarde la patada fuerte a Man",NEGATIVE
218,"Ya estoy ms feliz que nunca, cualquiera que salga campen estoy conforme. Los amo",POSITIVE
219,Lo que no rinde pa fuera no hay mas.... ni uno de los traia casta para jugar en Barca..... es un club plagado de estrellas y estos no dieron el ancho.... suerte en el Everton.....,NEGATIVE
220,? | Pickford ha sido nominado a los North West FootballAwards en la categora de mejor jugador de la Premier League de la temporada anterior.Este es un gran logro para el internacional ingls que en su primer ao con el Everton tuvo un gran desempeo!,POSITIVE
221,"Se ve triste , es un tremendo delantero y recuper el gol, pero con Man, Firmino y Salah es muy difcil que pueda ser titular...",NEGATIVE
222,"Bien viento y buena mar... Gracias por tanto en , sigues siendo una gran atajador, s que lo hars espectacular!!!",POSITIVE
223,Es una alegra ver a un tan explosivo despus de tanto.,POSITIVE
224,Eres buen chida amiga,POSITIVE
225,"Tras un excelente mundial, ha sido contratado por el de Inglaterra. La operacin cost alrededor de millones de Euros.",POSITIVE
226,"La premier es mejor, cualquiera puede ganar... Bla bla bla.Lo que hace el City lo hara tambin el Madrid o el Bara en la premier.",POSITIVE
228,Hablando de lo deportivo es un rotundo fracaso . Igual que James en la banca pero ganando millones ... As cualquiera se queda en la banca . Hay fracasos de fracasos .,NEGATIVE
229,Hijo de puta el jugador ms sucio y malintencionado que existe en el ftbol mundial,NEGATIVE
230,"Por favor consigan los derechos de transmisin de estos partidos. No aguanto la horrible transmisin de , procedan a hacerle PTs a cada jugador del City. Chinga, este equipo es de moda, es bsicamente Tigres de Inglaterra. La diferencia es que respeto a Tigres",NEGATIVE
231,No entiendo el funcionamiento del veo que Fabregas y Jorginho se estorban? El espaol crea juego y el Italo-Brasileo es mixto. Pero los veo tcticamente en la misma zona. O muy cerca.,NEGATIVE
232,"Parece que al final, el colombiano Yerry Mina tiene todo arreglado para fichar por el . El costo del fichaje sera de m. El lo fich hace meses por m, tremendo negocio.",NEGATIVE
233,Yo estoy contento. Soy Madridista y me alegra ver a Yerry lejos de ese club. El mismo se encargar de demostrar si fue injusta o no su salida,POSITIVE
234,Siempre apoyandote mi Capi querido y te estoy esperando en la roja de todos saludos!!!,POSITIVE
235,Enhorabuena Dani!! El duro y el buen trabajo tiene recompensa!! Disfruta!! ????,POSITIVE
236,"FELICITACIONES!! que tengas enormes xitos y que metas MUUUCHOS GOLES para tu nuevo equipo. Suerte, bendiciones y aspiramos gritar pronto tu primer gol en este gran equipo.",POSITIVE
237,"Pero esa defensa de los ""Beatles"" es terriblemente regular. As, Cristiano y Benzema los vacunan.",NEGATIVE
238,Buen triunfo ante el poderoso Watford. Felicitaciones.,POSITIVE
239,"Kovacic no es titular en su seleccin jug en el peor Inter de la historia, se quiere ir a un chelsea donde igual tiene que luchar un puesto. No creo que no es que no lo dejen jugar es que no es un titular indiscutible. Hay que ganarse un puesto.",NEGATIVE
240,"No tengo equipo favorito en la , sin embargo disfruto cuando le va bien a Pep (a pesar del tronco del Kun) y sin duda es un placer culposo ver sufrir a los fans del las mediocridades de su equipo. As que voy ...",POSITIVE
241,Me ilusiona muchos que mis equipos se reforazon muy bien??,POSITIVE
242,"Eres grande orgullo venezolano, el mayor de los xitos en ste nuevo club.",POSITIVE
243,|| Nathan Redmond est salvando a !!The Saints est venciendo -0 al y con ese resultado aseguran permanecer en la Premier!!! (Y descendera),POSITIVE
244,"Buen resultado, aunque hay que mejorar. Era tan flojitos... hemos concedido bastantes ocasiones por la relajacin. Transiciones y segundas jugadas en defensa hay que mejorar si o s. A seguir!!???",POSITIVE
245,Felicidades a toda la aficin del por el pase a la final de la bien merecido.,POSITIVE
246,lo mejor que pudo haberle pasado ir a un equipo mas competitivo tiene que aprovecharlo,POSITIVE
247,No es muy dificil: Lacazette y Torreira desde el principio.,NEGATIVE
248,As s! Gracias por cambiar la en el do tiempo! ??????,POSITIVE
249,"""Los jugadores an no estn en su nivel ms alto. Eso es porque estamos en la primera parte de la temporada. Es normal. Todo el mundo debera saber que todava tenemos mucho trabajo por hacer, pero si no lo hacen, ya se lo he dicho.""",NEGATIVE
250,"Voy con , ser una gran final y me gustara que se coronar Liverpool",POSITIVE
251,Exitos! Se lo merece!,POSITIVE
252,Ganar de ultimo siempre sera mejor que perder. Saludos,POSITIVE
253,"Gracias a DIOS y a la virgen, y al Por llevarse el cancer con ellos. La mejor noticia de mi dia.Lo que tanto he esperado. GRACIAS???",POSITIVE
254,JAJAJAJAJA la barclais eres un tremendo pendejete. Diminuta tu puta madre. Equipo chico el de tu puto rancho donde se suben en un pinche ladrillo y se marean.,NEGATIVE
255,"puede ser la vctima para y que chupe mucho banquillo y no me extraara la llegada de , ya que las relaciones y parecen excelentes.",POSITIVE
256,"Buena suerte crack, . Siempre fuiste el recambio perfecto de Jordi, ahora, a por la titularidad ???",POSITIVE
257,te quiero coco,POSITIVE
258,"Les dejamos un lujo para arrancar el VIERNES... Qu lindo cao, ! ??",POSITIVE
259,"Por mi no hay problema, es un fichaje que ilusiona a todos los que somos reds.",NEGATIVE
260,Pero se gano q es lo importante y cabalga la Q buen arranque!,POSITIVE
261,Monlogo del y cumplindose las expectativas en esta primera media hora.,POSITIVE
262,No soy fans ni tampoco me gusta el estilo de menos ahora en Y me resulta melanclico no ver en un equipo de a Y gol y es el cuarto del,NEGATIVE
263,"Un tcnico que con su horrible estilo de juego ha ganado todo ?A veces cuesta, pero la confianza puesta en vos para esta temporada!!Vamos Jos!??",POSITIVE
265,"Buena suerte. Si no te gusta, puedes volver al Corinthians &lt;3 te amamos!",POSITIVE
266,Lavando plata como un putas! No tengo ms explicacin.,NEGATIVE
267,te avisamos que lo acaba de comprar el y no lo pudo pasar ni una vez!!!,NEGATIVE
268,Mucha suerte campen eres muy grande no olvides nunca el escudo del laurel.,POSITIVE
269,"La es un torneo que parece creado para los ngeles.Espectacular por donde lo veas, que juegazos.Maana nos toca a nosotros, hay que creer, en lo que tenemos, en Mou en la camisa.Vamos",POSITIVE
271,"En serio gracias ciudad de gracias , , que la gratitud siga y ustedes en nuestros corazones por siempre",POSITIVE
272,Estoy de acuerdo contigo en parte y tienes razn. Pero la talla de futbolista que tiene Batshuayi ni la tienen ni la tendrn jams Vietto ni Andreas y el precio es casi el mismo.,NEGATIVE
273,"Creo que con lo de Allison se est pagando un poco de ms. Es por el efecto Champions League, no encuentro otra explicacin // Mignolet afuera? //",NEGATIVE
274,"Martial: ""Gracias a todos por sus mensajes. Mi pequeo Swan est bien, para la madre fue ms difcil, pero gracias a Dios ella est mejor. Lo siento, pero mi familia siempre ser primero antes que todo ... Volver maana a Manchester ??""",POSITIVE
275,Esta final de es una deshonra por los errores arbitrales cometidos en los partidos del y en no sancionar manos clarisimimas en estos juegosLos verdaderos finalistas seran,NEGATIVE
276,Ahora les toca socar por el para que gane la champions y los clasifique a ustedes,POSITIVE
277,"Daniel, me da tanto gusto que todos nos subestimen. Les vamos a callar la boca, ""Guarden este tweet"" , El Killer regresa por el Tricam.???y lo mejor t nos vas a narrar.",POSITIVE
278,"No, yo soy de laponia no t jode la otra.A ver si aprendes a respetar , vendido?o simplemnte una persona q n estuvo afortunado como tantos y tantos jugadores tantas y tantas vces.q facil es hablar",NEGATIVE
279,"me parece genial la actitud ante los precios irracionales y que con esa subida ayudis a vuestros aficionados a poder venir a Mestalla, ojal tuvisemos tantas facilidades como aficin valencianista, al igual que la aficin Red!",POSITIVE
280,"Que pendejos estn , Robert Green NO es una alta del y TIENE aos en el equipo pero ha estado a prstamo ?",NEGATIVE
282,". muchas felicidades Ale, psala muy bonito hoy, te mando un abrazo.",POSITIVE
283,de Salomn Rondn gan y mantiene la esperanza de la permanencia?,POSITIVE
284,"Le God fue el mejor. Mucha culpa tiene que yo sea muy fan del . Junto a Maradona y a Mgico Gonzlez, lo ms grandioso que he visto en un campo de ftbol.",POSITIVE
285,Muchas sonrisas previo a nuestro viaje el domingo a Estados Unidos! ??,POSITIVE
287,"Me parece perfecto. M por un lateral q no sabe defender lo doy por bueno. Confo plenamente en ""Pipa"".",POSITIVE
288,"No les creo nada yo tampoco, estos no se quieren quedar sin la gallina de los huevos de oro",NEGATIVE
289,: Buena suerte en . Mejor ser cabeza de ratn que culo de len. cc Querida (salud y abrazo),POSITIVE
290,Pero qu buena taza...,POSITIVE
291,Esa camiseta azul del Arsenal me encanta. Al fin haces algo bien,POSITIVE
292,"Otra carrera ms arruinada. Bien hecho FC Barcelona... Suerte a Gmes en la Premier, ojal vuelva al nivel de antes.",POSITIVE
293,Lo de esta aficion me parece brutal. Sin ninguna duda antes de que me muera tengo que ir a este estadio. Respeto y honor para todos,POSITIVE
294,"Pogba est ms preocupado que le aumenten el sueldo, que ha jugar bien.",POSITIVE
295,"Si no fuera por DON Cristin Surez, hoy hubiesemos sumado otro desastre en Iquique. Van meses y medio sin ganar ,pero tengo f en que una vez rota la ""mufa"" se vendra una rachita de victorias.",NEGATIVE
296,Se vea venir! GOL del que estaba siendo muy muy superior en estos primeros trece minutos. Llegadas constantes. Marca el -1 para el conjunto de Pep Guardiola.,NEGATIVE
297,Mucha suerte! A darlo todo para que demuestres de lo que eres capaz y seas siempre titular. ?????,POSITIVE
298,"Los clubes ingleses estn la verga, todos menos el hijueputa",NEGATIVE
299,"Lo bueno del fue la victoria, sufrida pero victoria. Lo bueno de los mexicanos son y con el PSV ??",POSITIVE
300,Increble. Los equipos de cada vez me sorprende con sus transacciones. Imaginen estas cosas entre y o peor,POSITIVE
301,Diego te retiraste del ftbol porque no ests jugando con la seleccin uruguaya y t eres mi favorito y como no ests ah no estoy tan emocionada ???pero arriba Uruguay,POSITIVE
302,"Creo que el uniforme es lo menos feo de hoy para el , el juego que est dando contra el se la mata al modelito gris...",NEGATIVE
303,Jajaja no lo creo Por que no podemos ser un club al que los jugadores top no les cueste llegar y no les sea tan facil irse ?,NEGATIVE
304,"Me decepcion el planteo de Pellegrini contra . Se vio el mismo que se vea en la temporada anterior. Flojo en defensa, desconcentrado, con muchas desatenciones, lo mismo.",NEGATIVE
306,"Ojal se concrete, Yerry se lo merece y ojal pueda demostrar todo su potencial en un equipo mucho ms grande y con ms historia q el Farsa, q se autoproclama como el mejor equipo del mundo, cuando sus logros importantes se reducen a los ltimos o aos,",POSITIVE
307,Muy cierto ese equipo Frances no iso nii vergaa rrebotes goles es todoo,NEGATIVE
309,"Puta preocupacin, no poda dormir",NEGATIVE
310,"Pronta recuperacin Jos, lo mejor para vos!",POSITIVE
311,"Ya que ... Ya no tengo ilusin alguna con el fichaje de Fekir, ya me di por vencido ...",NEGATIVE
312,"Veo al muy flojo desde este inicio de temporada Pep despus de la victoria contra el Fulhan les dijo que fue un desastre de partido, como hace falta Kevin de Bruyne",NEGATIVE
313,"Dudo mucho eso, al final esos manes les da igual la plata..si no preguntale al de el PSG",NEGATIVE
314,"La mayora niatos imbciles q cuando yo volva de Miln o Pars en autobs llorando an no estaban ni pensados... Da asco or a estos valencianistas con jugadores q son honrados, luego estos son los q adoran a algunos Parejo q se ha meado y cagado en el escudo veces....",NEGATIVE
315,"Alexis tiene todo el potencial para ser ""El"" gran motor del hoy lo veo muy preciso y metido en el duelo saludos",POSITIVE
316,Gana . Excelente jueves hermosa saludo,POSITIVE
317,"Primero Dios esta temporada sea la buena ???????????? You""ll Never Walk Alone ??",POSITIVE
318,"Y es de los pocos que sabe que el futbol no le debe nada, que todo lo que tiene es gracias a el, y que lo glorifica cada dia que pisa un terreno de juego",POSITIVE
320,Este portero no vale ni el % que se pag por l. ha mal gastado tanto dinero en un portero que recibir muchas crticas en la temporada que iniciar en unas semanas,NEGATIVE
321,"' -0 | Han salido muy bien los de Guardiola, que ya tienen el control del esfrico.",POSITIVE
322,"Lo que pasa es que hay mucho mexicano molesto que se siente mejor que el y le carcome pensar que el siendo tan malo ha podido triunfar, hay mucha gente que no puede ver bien a otros, y les gusta ofender para sentirse bien consigo mismos.",NEGATIVE
323,Nuestros jugadores siempre tienen tiempo para los aficionados en el ! ??,POSITIVE
324,"Lo hars muy bien, lo tenemos claro....detras de un buen portero hay una gran persona.",POSITIVE
325,Impresionante ??????en el entrenamiento del ???,POSITIVE
326,". no quiere moverse del : ""Quiero quedarme lo mximo posible. Estoy feliz de estar aqu"".",POSITIVE
327,' - Primera llegada del afortunadamente Rondon no lleg a terminar la jugada. ? -0 ??,NEGATIVE
328,"Si aman al ftbol no dejen de ver con todo lo que envolvi la temporada pasada al . Impresionante saber ms de la filosofa de Pep, como trabaja el club y como son los jugadores fuera de la cancha... por cierto, el ms entretenido es por mucho",POSITIVE
329,"Gareth bale es de cristal permanece mas lesionado que en optimas condiciones para jugar, y ascensio es un crack aun le falta mucho es muy irregular, tiene partidos buenos y otros que no se sabe si fue convocado.. ademas hay que traer una estrella para suplir la salida de cr7..",NEGATIVE
330,Preciosa...,POSITIVE
331,El ambiente de los ROJOS es BRUTAL en cualquier parte del mundo; aqu les compartimos cmo lo vivimos en COSTA RICA ????? UP THE REEEEEEEEEEEDS!!,POSITIVE
332,"ESTN IMBCILES, ? ? No los entiendo, de verdad que el director deportivo es un verdadero inepto! Este jugador tiene mucho ms ftbol que el muerto de Morata, CHINGADAMADRE! ?",NEGATIVE
333,Oye pendejo no te cansas de hacer el ridculo?,NEGATIVE
334,"No pude ver el partido, pero el lado bueno es que empez ON FIRE la temporada en la",NEGATIVE
335,FELIZ CUMPLEAOS ? MISTER.Javi Gracia cumple aos de edad.?,POSITIVE
336,Se queda! Eden Hazard le cierra la puerta al y se mantendr en el,POSITIVE
337,"Me gustara que ganara , pero creo que ser el , es un moustro debora",POSITIVE
338,+-15 minutos para que el se vaya a hacer lo que le tocaba al con el putiMadrid. ?? .,POSITIVE
339,Paco Alcacer siguiente fichaje del everton o ya seria un timo escandaloso,NEGATIVE
340,La prueba de que merece la Champions es que al los patrocina NIVEA,POSITIVE
341,"vale, muchas gracias por la informacin!??",POSITIVE
342,"Q chingue a toda su puta madre, y q siga pensando cosas chingonas el meqetrefe !",NEGATIVE
343,Gran noche de Champions nos espera partidazos vibrantes!! Lanzado el primer pick para el - si quieres vivirlo dale ??Like si quieres pasar con nosotros una buena noche ???,POSITIVE
344,Suerte!!!! Y te esperamos de vuelta??,POSITIVE
345,"Hoy volvemos a dar una mala noticia, esto de bajar a la championship no traen muy buenas noticias, nuestro defensa Mawson deja de formar parte de los jacks y pasa a ser jugador del",NEGATIVE
346,"Excelente los nuevos horarios de la . Te quitan la recarga de partidos a una hora establecida (todos eran a la :45 p.m., menos los de Rusia) y te permite ver ms ftbol. Hoy, triplete de y ahora a ver vs. . Partidazo! ??",POSITIVE
347,Ya no los podr ver don gol tengo DIRECTV y eliminaron bien sport,NEGATIVE
349,"Creo q en es aliga como en varias europeas no podes hacer solo eso, o va y mejora su juego o en cualquier momento lo vemos de un club a otro hasta q se le ocurra a uno de ac traerlo y es lo q me da bronca se van y despus pelotudean o lo cuelgan all y lo trae un club de ac",NEGATIVE
351,Leva gastado mis un equipo de mierda que ascendiu a premier que o Real de Madrid. Dades asco,NEGATIVE
352,"Todo el xito del mundo para ti, te lo mereces! Yo seguir apoyndote donde sea que ests! ?",POSITIVE
353,Yo reconozco que en el Bara hacemos trampas. Es un abuso jugar con Messi ?,NEGATIVE
354,Gracias por tantas desgracias merecedoras de tweets a lo largo de estos hermosos aos,POSITIVE
355,"Los y tienen como primer objetivo hacer dinero, mucho dinero. Con ste dato estarn encantados, porque para sta gente lo primero es el dinero, lo deportivo es secundario, por lo que nuestro futuro deportivo no tiene pinta de mejorar a corto plazo.",POSITIVE
356,Me esta gustando el partido de richie del . Y los pelotazos de lloris fuera,POSITIVE
357,Fue un puto robo. Chpate la verga anglosajon mediocre :*,NEGATIVE
358,Me parece que el Everton le cae bien.,NEGATIVE
359,Excelente Capitn. quiero esa Camiseta .??,POSITIVE
361,"O mucho me equivoco o el va, recordar, mucho estas temporadas, creo q va haber desbandada gr, y no vale ya el talonario, hay q tener mucha vista y tiempo y contnuidsd",NEGATIVE
362,"Sturridge siempre ha sido un excelente delantero y alma del equipo, uno de los mayores responsables del xito de Luis Surez en el Liverpool. Lo est demostrando con puro ftbol.",POSITIVE
363,"Y a mi parecer es un error, porque lo que consiguen con eso es , que cuando el Valenxia flojee, la mayora de la gente pase dek Valencia , porque no hay ningn tipo de compromiso",NEGATIVE
364,"Nos toc un buen grupo, se vienen excelentes juegos. .",POSITIVE
365,"Ojal porque arquerazo eso no es de ahora, lo vimos cuando el lester fue campen no lo piensen.",NEGATIVE
366,"| Se equivoc el fondo del Arse, Lautaro se fue solo, pero la pelota le qued atrs y quiso solucionarlo con un taco. No puede por ahora la Academia. ?",NEGATIVE
367,Bueno ahora ya no banquea en el ahora banquea en el y adems in English Excelente decisin chaval!,POSITIVE
368,El de Inglaterra pag una impresionante cifra para contratar a su nuevo arquero.,POSITIVE
369,Soy yo o el se est armando muy bien?,POSITIVE
370,"Grande la aficin de recibe con aplausos a su portero Karius ??creo que como debemos cambiar los abucheos a por ??????para alentar a nuestro jugador para que de lo mejor de si y no empinarlo ms, disculpame Urreta ??????",POSITIVE
372,"Final final victoria del de manera contundente, con un DT que supo leer el juego y replantearlo cuando estaba complicado. Muy bien Lamela, excelente Kane que acaba con la maldicin. Vamos",POSITIVE
373,Dale manu!!! Metele con todo!!! Y ojala pronto podamos verte de nuevo con la camiseta de RIVER!!! TE QUEREMOS GENIO!!!,POSITIVE
375,"Hoy me siento invencible, hoy me siento imparable. a ser campeones!",POSITIVE
376,"No,que venga al Real Madrid,Courtois es feliz en Madrid,fue feliz en el Atltico de Madrid y hizo su mejor actuacin en el Atltico de Madrid,as que venga al Real Madrid para que vuelva a ser feliz,si se queda en Chelsea sera un hombre triste.",POSITIVE
377,"Catalua y el ftbol de lite estn de luto, difcil llenar un hueco as",NEGATIVE
378,"Su entrenador me parece brillante, un pequeo extracto ??",POSITIVE
379,"Gato, consideras un fracaso su paso por el Barcelona,? ms pena que gloria",NEGATIVE
380,Perfecto! Ahora a echarle huevos y demostrar que eres el mejor!! Un abrazo!!,POSITIVE
381,"Domingo de ftbol: Buenos amistosos, buen juego en , sin ignorar la ya vimos lo bien aceitado que est el City y el trabajo que pretende Sarri con Chelsea... Igual lo importante viene ahora Manchester United ?",POSITIVE
382,"Si lo vi Ale, con un autogol, pero para darle oxgeno a Emery est bien.Lo.mejor que hizo sacar al pecho fro de zil.",POSITIVE
383,"Es que es el primer mercado que no compra nada. No nos podamos quejar ltimamente, pero hoy necesitamos mnimo refuerzos fundamentales. Es ilgico no haber trado nada.",NEGATIVE
384,"Me gusta tambin! Adems de ser lateral reconvertido a central, puede dar un rendimiento parecido a Nacho o Vermaelen(en el )",POSITIVE
385,"Todo el mundo sabe qe Eric Garcia Martret lo a formado el de lujo. Como qe no tiene bastante en hacer una cantera a base de fichar con dinero del Jeque, despues esta la Masia para escoger las joyas, el dinero de Qatar decian qe estava manchado d sangre este esta empapado",NEGATIVE
386,Para que perder el tiempo. El real es campeon jugando mal o bien por los de negro y los intereces de la uefa.,NEGATIVE
387,"Para la mayora es un da cualquiera, sin relevancia. Para m este da significa la espera de muchos aos, no puedo explicar cmo me siento, independiente de lo que pueda pasar, estoy orgulloso de ser aficionado de ti enamorado de ti ilusionado contigo ??",POSITIVE
388,Hoy hay que dar las gracias al por sacarnos de encima a dos conos. ESPECTACULAR.,POSITIVE
389,"Suerte Manuel, ac toda la hinchada de LIGA te recuerda! Un abrazo.",POSITIVE
390,"Callaras muchas bocas all Yerry, mucha suerte, no confiaron en ti y contra eso nada se puede hacer",POSITIVE
391,les desea el mejor de los xitos. Ultimo partido como juveniles U gracias muchachos por las alegras dadas,POSITIVE
392,"Yo tampoco estoy confiado, jugarle a Liverpool a un solo partido es muy complicado, mi comentario es que muchos reds estn demasiado confiados.",NEGATIVE
393,"Tenemos dos grandes problemas, uno es que en esttico y con el equipo rival replegado somos psimos en creacin, y la segunda que somos muy conformistas, slo apretamos ante la necesidad.",NEGATIVE
394,no se te pasa por la cabeza que grondona lo haya dicho de manera sarcastica/burlona refiriendose al partido de Boca-corinthians de en donde hubo un polemico arbitraje del juez en donde se beneficio a Boca? y no diciendo que se lo haya arreglado?,NEGATIVE
395,Jugador del ao Felicitaciones al Rey David. El mejor portero del mundo en la actualidad.,POSITIVE
396,"No s que me hace mas feliz, si arthur, lenglet, denis suarez o sergi roberto de capitan?????",POSITIVE
397,Un gran arquero que va a un ftbol que no es para su categora. Despus del mundial mereca mucho ms...le falta un empresario argentino...,POSITIVE
398,"Excelente la camarada. Y con todo y mi afinidad hacia el reconozco que el arbitraje fue psimo. No solo en este juego, en lo que va de la CHAMPIONS en general",POSITIVE
399,Feliz cumpleaos Manuel desde Chile!!!!!!.,POSITIVE
400,Habiendo fichado a lenglet y teniendo a umtiti el sabe que no tiene sitio ni siendo cedido,NEGATIVE
401,Mira q anuncian a otro y tampoco es Montoya,NEGATIVE
402,Felicidades LFC por este buen partido que en casa!,POSITIVE
403,aqu te queremos mucho ??????queda mucho por dar??????,POSITIVE
404,"Si realmente se va me quedo sin duda con esta temporada y los goles tan importantes en la misma e fueron decisivos, si Higuan hubiera estado en otro equipo (Napoli), la Juve no hubiera campeonado",NEGATIVE
405,"Lo que necesita es arreglar el desmadre (frace mexicana) de los directivos que no saben a donde van. Pero como siempre los entrenadores son los chicos expiatorios los culpables; frace mgica ""Nuevo entrenador"". No es quitar la telaraa, es matar a la araa.",NEGATIVE
406,Sigue en recuperacin! Yerry Mina tampoco debutar esta semana con el,NEGATIVE
407,La puta madre TODO ROMPE el no podes ni sostener un a la cdtm ???,NEGATIVE
408,Malas noticias para los ! Hugo Lloris fue llevado a prisin.,NEGATIVE
409,La Roma va a caer con la cabeza muy muy en alto. -2 Global: -7 si hubieran cobrado los penales...,NEGATIVE
410,"Ojo, pero mantuvo el plantel, no se reforz y an as debi pasar a Caracas, si qued afuera por una fatalidad de jugar innecesariamente con el arquero",NEGATIVE
411,"Yo a Rodrigo por lo dejaba ir. Me encantara Schrrle, que en BVB no tiene sitio y por -15 me parecera un gran fichaje. Y Batshuayi cedido con opcin de compra, ms Gameiro. Mina si, y a Zaza no lo venda. Son delanteros y competiciones.",NEGATIVE
412,Siii sper bien. Lstima que ya se fue Karius ??(es broma ) ?,POSITIVE
413,Jug???No pinches mames yo vi que se hizo pendejo todo el tiempo ?,NEGATIVE
414,"Horrendo el uniforme de Colombia, la playera de un tono de amarillo, el short de otro, las calcetas azules, ya manden a la mierda a Nike, cada ao estn ms feos sus uniformes, no se antoja ni comprarla pirata.",NEGATIVE
415,"Muy bien, Ral es l mejor delantero Mexicano",POSITIVE
416,S quieres enterarte de todos los movimientos del ? Entr al Post de Facebook y chale un vistazo. Gracias!,POSITIVE
417,"Por estas cosas eres ms grande an ..Me gustara que todos los LISTOS que ponen MEMES de las ""cantadas"" De pusieran tambin las muchas en el .. no soport tanta presin..vosotros mismos!!..???",NEGATIVE
418,No es HD es una porqueria de imagen,NEGATIVE
419,"vs Segundo gol en calidad de visitante para Wijnaldum, adems de cabeza y contra un rival nada sencillo. Ganarle al Tottenham de Pochettino, en Wembley, sin duda es una victoria que sabe muy bien. Adems que significa la ta victoria consecutiva.",POSITIVE
420,Muy buena victoria la de hoy ante Fulham. Nos hace soar con una buena temporada. Ahora vamos por United.,POSITIVE
421,Regalado.... Teniendo en cuenta el loco mercado de pases.Precio ?,POSITIVE
422,Y de que sirve ser el mejor si en su liga de fantasy no premian a los que no reciden en E. U,POSITIVE
423,"El sufre una derrota muy dolorosa, injusta bajo mi parecer. Puede pasar factura a Mourinho. Su temporada pasada no fue buena, est enfrentado con la directiva. Difcil momento para revertir situaciones tan adversas. El portugus lleva aos sin ganar ttulos",NEGATIVE
424,"Salomn Rondn es oficialmente nuevo jugador del llega cedido del donde su contrato expira en meses. Te deseamos la mejor de las suertes, gladiador seguramente te ir muy bien en esta nueva etapa! ??",POSITIVE
425,La Torda Diario est disponible! Gracias a,POSITIVE
426,el campen sera con el Paraguayo en la defensa... Fuerza!!! Saludos desde Paraguay!!!,POSITIVE
427,"Y desde ya lo digo. ""La camiseta del de esta temporada me merece""",POSITIVE
428,El tcnico serbo tendr que armar un equipo que transforme en realidad el potencial que en teora tiene.Demasiadas veces en el ftbol el entusiasmo por un mercado se transform en decepcin.Espero para los hinchas de que no le pase esto.,NEGATIVE
429,"Un gran talento que se ha perdido, debido a malas decisiones en el , sobretodo las decisiones de Van Gaal.",NEGATIVE
430,"' - Nuevo tiro libre para el los nuestros a muy buena distancia, va cobrar!? -0 ?",POSITIVE
431,"Kepa sobre por qu se uni al Chelsea: ""Tantas cosas me atrajeron del club, todos los ttulos que gan el club, los otros jugadores, la ciudad, la PL . Es una acumulacin de cosas, y estoy muy contento de que Chelsea haya Decid confiar en m y llevarme tambin """,POSITIVE
432,"?Klopp sobre la situacin de Lovren ""No le su entrevista, slo me enter! Obviamente no est en forma. Con la Copa del Mundo, la[lesin] empeor. Es serio, pero no tanto. No es que tengamos miedo o lo que sea"".",NEGATIVE
433,"Yo ya ni se lo que quiero como hincha, me tienen tan confundido que me hiero a mi mismo",NEGATIVE
434,Y si y convencen a para ir al ? Y se viene al .,NEGATIVE
436,"Finalmente Yerry Mina es traspasado al por una alta cifra. Ni media temporada ha estado en el Bara y le tiran, que poca oportunidades le han dado. Se ha revalorizado y lo echan, ojal haga la temporada de su vida y lo quiera medio planeta, estonces nos reiremos todos.",NEGATIVE
437,"quiero felicitar a los Evertorianos por El partido que nos ganaron pero una pequea reflexion a sus jugadores que jueguen igual con sus adversarios directos como San Luis, Curico, Palestino... al final es lo que realmente va a servir para salvarse de la B",POSITIVE
438,Los madridistas queremos al queremos jugar contra los mejores,POSITIVE
439,! Ojo !!! que el Celta es de un propietarioNo se lleva muy bien con el.ayuntamiento.Haber s se le da por empezar hacer un nuevo campo o chantajea con ello,NEGATIVE
440,? Me preocupa un poco el problema familiar que se puede dar gracias a la ? con ? vs ? !!!,POSITIVE
441,"El jefe tiene algo en marcha, lo mantenemos en secreto y lo disfrutamos. As que, todo lo mejor para esta temporada. Disfruten!- Zlatan Ibrahimovi? luego de su visita al entrenamiento del",POSITIVE
442,"Actuacin positiva, segura y confiada anoche, Jefferson - Se ve bien - 'Steel in Midfield' ???",POSITIVE
443,y muy buenas acciones de Callum James Hudson-Odoi aos!!,POSITIVE
444,"El internacional belga, Marouane Fellaini, ha decidido renovar con el hasta junio de con opcin a otra temporada ms. El centrocampista ha explicado que su decisin se debe a que ""me siento muy feliz aqu"" ??",POSITIVE
445,Si son M no te arriesgas a perder nada. A parte tiene una pinta...,NEGATIVE
446,Es grande mi equipo felicitaciones por el gran triunf,POSITIVE
447,'/ ( +1' ) : con un tranquilidad que asombra : apenas si empujo el baln pero ya haba engaado al guardameta . Un muy medido : lleg y le llegaron . . .,NEGATIVE
448,"Y el penal no cobrado a/f de la Roma? Tambin es robo y corrupcin, el Liverpool pago?",NEGATIVE
449,"No entiendo como deja a en la banca, siendo que a sido el mejor jugador del empezando la temporada, si no miren el partido contra el chelsea, gol y asistencia. El debe ser titular todos los partidos.",NEGATIVE
450,"POGBOOM IS COMING!El es una decepcin futbolstica!.Perdio jugando horrible, a pesar que lo niegue!. rumbo a Barcelona?...",NEGATIVE
451,"El que ms debe estar contento Aparte de Heung-Min ?? Es el , Por Que Aparte Que Recupera Un Gran Jugador se Tranquiliza con La pltica que tiene invertida En el Jugador y NO Se Pierdeee????????",POSITIVE
452,Muy bien Junio aclarando de donde salen los dineros para la campana. No como hacen otros,NEGATIVE
453,el segundo regalo de cumple ???????,POSITIVE
454,"Gracias por tu arte, tu talento, tu sonrisa, que abrazo y ese don de gente que te hace as uno en un milln, Gracias! Courtesy",POSITIVE
455,"le da la victoria a su equipo, Ral marca un golazo con el , hechos que vemos ponemos en la historia, y en El mundial? esa actitud y goles hicieron falta en y nadie apareci, y la gente se llega a quejar de , no mamen.",NEGATIVE
456,"Por otra parte, me alegra saber que mi jugar la Gran Final de la porque a mi consideracin, es el nico equipo que puede vencer a Est pasando por un gran momento y eso debe ser factor para salir con la orejona ?",POSITIVE
458,"Si los rbitros no ayudan al , el de Mayo el campen podra ser Liverpool .",NEGATIVE
459,"hace buenos fichajes y de momento sin salidas importantes , est temporada podra ser muy grande para los Reds",POSITIVE
460,"Llevan un par de aos haciendo las cosas regular, pero ya no se puede hacer nada, les tengo mucho cario.",NEGATIVE
461,Que? ya te estas arrepintindote de no haber venido el ao pasado al todo por un mundial donde ni ibas a jugar! Al menos tendras una Champions que ya no ganaras en toda tu carrera. Suerte en el,POSITIVE
462,Un resumen de la actividad de los jugadores del que han ido a prstamo y sus actividades en sus nuevos clubes este fin de semana. Gracias por el aporte Ivra! ?,POSITIVE
463,La celebracin de es genial ???,POSITIVE
464,"Bien lo de Digne, regular lo de Mina y mal lo de Gomes...en mi modesta opinin...",NEGATIVE
465,"OFICIAL: Ya puedo decir que soy nuevo jugador del . Muy contento de empezar esta nueva aventura en la premierleague, y espero ayudar al equipo a conseguir los objetivos.",POSITIVE
466,"Ojal se le de, en el Bara no lo apreciaron y no le dieron el tiempo suficiente para que se adaptara.",NEGATIVE
467,"Me encanta Pogba y me gustara que estuviese mucho tiempo en el club, pero uno se cansa ya de muchas cosas, si quiere irse, que su representante traiga millones y los dos se vayan a donde les apetezca.",POSITIVE
469,Y no vuelvas puto tronco!!! Gracias por sacar toda la basura del equipo!!! inviten al Everton a jugar el Gamper pero yaaaa!!! Nos han salvado estamos agradecidos!!,POSITIVE
470,Arsenal ya no es ese equipo veloz de fechas anteriores.,NEGATIVE
471,"Qu calidad. Por favor!No me querr contratar el para que vea a los jugadores de lejos y los identifique?Digo, ya que estn contratando por contratar....",NEGATIVE
473,cara duraaa! al huracan de cappa le robaron con fierro hijos de putaa,NEGATIVE
474,Esos errores lo ha cometido mi y sus rivales no los aprovechan.Pero ojo mi no perdona en esas jugadas... ?,NEGATIVE
475,Son Campeones saben que nunca hay que bajar los brazos ??Siguieron trabajando y esforzadose para demostrar lo es un gran jugador. .Soy grandes no lo olvidis y ahora a por el ? ? VAMOSSSSS EQUIPO Karim ? ? ? ???Puro ?,POSITIVE
476,Insinas que Emery es el dios del engao en el ftbol. Para mi no es tan buen tcnico como lo dicen sus UEL.,NEGATIVE
477,Muy sorprendente lo de los de ningun fichaje o no quieren ir a aspirar al ttulo o no entiendo sinceramente dudo que entren en UCL.,POSITIVE
478,Ah menos mal. Eso esperaba que contestes.,NEGATIVE
479,"Se podra usar... aunque yo no soy partidario de usar las copia base, es una cuestin de gustos. Pero tiene un aire! Y gracias por el halago jajaja",POSITIVE
480,"Viendo semejante monstruo de estadio, una obra arquitectnica maravillosa. Y aca en se atreven a decir nuestros gobernantes que tenemos un estadio de talla mundial. Ay Dios, definitivamente somos muy conformistas.",POSITIVE
481,"Este payaso tiene una fantstica mentalidad y es un magnfico central que es propiedad del que es un equipo TOP MUNDIAL!! Juega en el que es un club HISTRICO en Francia. En serio, ponte a leer para que no exhibas tanta IGNORANCIA",POSITIVE
482,Es que me cuesta tanto que la gente se niegue a utilizarlo... ?,NEGATIVE
483,"Amigo, el verdadero y nico real fan del y a estado siempre. Hoy estn cerca. felicidades",POSITIVE
485,"No me confundas con un andaluz, y el capi bien que perdi el culo para irse al Mandril as que mucho no debe sentir los colores. Oyarzabal para cubrir la falta de feos por si largan a Iturraspe o Sanjotroll",NEGATIVE
486,A lo Tonto a lo Tonto Pedro ya lleva tres goles y eso que sali de suplente pero como siga as se lo va a poner muy difcil a William y Sarri...,NEGATIVE
487,"Estoy viendo al Pogba Campen de . Que gran partido del Francs. Esperemos que este buen rendimiento se vuelva una constante. El est ahogado, pero Paul siempre ayuda.",POSITIVE
488,Siempre es mejor corregir a partir de una victoria... /4 y seguiremos en la punta ??,POSITIVE
489,ltimamente Pogba no ha tenido un buena relacin con Mourinho en ManU Crees que ese factor sea suficiente para que Pogba salga o se quedar en el club??,NEGATIVE
490,SIIIIIIII Y BIEN!!!!!!!!!!!??????????????????????????????????tengo yo uno del estadio dl q me traje pa casa y hace un ruido terrible d....... wayyyyyyy!!! Yo le doi a la pierna y flipo!!!!???,NEGATIVE
491,es el jugador q nunca tuvimos y siempre quisimos,NEGATIVE
492,"Este ao SI es el bueno para m . Lo nico que me trae ms contento que el equipo y/o el resultado es que a aos de ganar el ttulo, predijo nuestra situacion actual. What a time to be alive",POSITIVE
493,"Lo interesante de Shaqiri es que tiene potencia, velocidad y buen toque. Entonces, puede reemplazar a algn volante armador lesionado o que quiera descanse. Asimismo, tambin es buen reemplazo en la mediapunta para Mane y Salah. Muy buena compra y barata.",POSITIVE
494,"Demasiado injusto. Fue de los mejor, sino el mejor, de Francia campen y tuvo un buen ao en",POSITIVE
496,"No.Tienen reflejos iguales, despejan igual y ambos tienen limitacin en la colocacion donde no alcanzan a Curtois, De Gea ni Oblak.Butland, Karius, Pickford, etc son equivalentes y por eso sus fichas valen menos.",NEGATIVE
497,"Es alto(como le gustan a Mou) y no es tosco con el baln(bien para la vista del aficionado).BOATENG, FICHAR",POSITIVE
498,"El ha puesto sus ojos en Yerry Mina. El colombiano, que est en la rampa de salida del , tiene buen cartel en Inglaterra tras su buen Mundial, y la posicin de central es un punto que Mourinho quiere reforzar.",POSITIVE
499,"Si acelera, lo gana. Tiene que aparecer ms Centurin. Est muy bien Saravia. metido atrs, no sale del asedio.",POSITIVE
